Driver,LapTime,Sector1Time,Sector2Time,Sector3Time
VER,0 days 00:01:40.103000,0 days 00:00:26.651000,0 days 00:00:30.091000,0 days 00:00:43.361000
VER,0 days 00:01:40.494000,0 days 00:00:27.011000,0 days 00:00:30.190000,0 days 00:00:43.293000
VER,0 days 00:01:40.573000,0 days 00:00:26.923000,0 days 00:00:30.187000,0 days 00:00:43.463000
VER,0 days 00:01:40.919000,0 days 00:00:27.106000,0 days 00:00:30.299000,0 days 00:00:43.514000
VER,0 days 00:01:41.147000,0 days 00:00:27.114000,0 days 00:00:30.431000,0 days 00:00:43.602000
VER,0 days 00:01:41.118000,0 days 00:00:27.164000,0 days 00:00:30.362000,0 days 00:00:43.592000
VER,0 days 00:01:41.110000,0 days 00:00:27.129000,0 days 00:00:30.395000,0 days 00:00:43.586000
VER,0 days 00:01:41.155000,0 days 00:00:27.111000,0 days 00:00:30.392000,0 days 00:00:43.652000
VER,0 days 00:01:41.424000,0 days 00:00:27.172000,0 days 00:00:30.519000,0 days 00:00:43.733000
VER,0 days 00:01:41.401000,0 days 00:00:27.170000,0 days 00:00:30.646000,0 days 00:00:43.585000
VER,0 days 00:01:41.318000,0 days 00:00:27.121000,0 days 00:00:30.558000,0 days 00:00:43.639000
VER,0 days 00:01:46.526000,0 days 00:00:27.050000,0 days 00:00:30.576000,0 days 00:00:48.900000
VER,0 days 00:01:59.074000,0 days 00:00:45.631000,0 days 00:00:30.099000,0 days 00:00:43.344000
VER,0 days 00:01:39.591000,0 days 00:00:26.640000,0 days 00:00:29.773000,0 days 00:00:43.178000
VER,0 days 00:01:39.985000,0 days 00:00:26.616000,0 days 00:00:30.137000,0 days 00:00:43.232000
VER,0 days 00:01:39.519000,0 days 00:00:26.503000,0 days 00:00:29.874000,0 days 00:00:43.142000
VER,0 days 00:01:40.070000,0 days 00:00:26.781000,0 days 00:00:30.075000,0 days 00:00:43.214000
VER,0 days 00:01:40.139000,0 days 00:00:26.720000,0 days 00:00:30.245000,0 days 00:00:43.174000
VER,0 days 00:01:40.081000,0 days 00:00:26.759000,0 days 00:00:29.937000,0 days 00:00:43.385000
VER,0 days 00:01:40.490000,0 days 00:00:26.737000,0 days 00:00:30.083000,0 days 00:00:43.670000
VER,0 days 00:02:14.296000,0 days 00:00:35.865000,0 days 00:00:40.703000,0 days 00:00:57.728000
VER,0 days 00:02:17.938000,0 days 00:00:35.570000,0 days 00:00:39.478000,0 days 00:01:02.890000
VER,0 days 00:02:25.050000,0 days 00:00:38.160000,0 days 00:00:46.490000,0 days 00:01:00.400000
VER,0 days 00:01:47.123000,0 days 00:00:26.034000,0 days 00:00:29.474000,0 days 00:00:51.615000
VER,0 days 00:02:26.570000,0 days 00:00:39.616000,0 days 00:00:44.166000,0 days 00:01:02.788000
VER,0 days 00:02:20.118000,0 days 00:00:36.620000,0 days 00:00:44.106000,0 days 00:00:59.392000
VER,0 days 00:02:28.770000,0 days 00:00:35.883000,0 days 00:00:44.116000,0 days 00:01:08.771000
VER,0 days 00:01:38.604000,0 days 00:00:26.060000,0 days 00:00:29.829000,0 days 00:00:42.715000
VER,0 days 00:01:38.406000,0 days 00:00:26.220000,0 days 00:00:29.365000,0 days 00:00:42.821000
VER,0 days 00:01:38.426000,0 days 00:00:26.212000,0 days 00:00:29.467000,0 days 00:00:42.747000
VER,0 days 00:01:38.765000,0 days 00:00:26.531000,0 days 00:00:29.475000,0 days 00:00:42.759000
VER,0 days 00:01:38.825000,0 days 00:00:26.274000,0 days 00:00:29.670000,0 days 00:00:42.881000
VER,0 days 00:01:38.801000,0 days 00:00:26.374000,0 days 00:00:29.635000,0 days 00:00:42.792000
VER,0 days 00:01:38.855000,0 days 00:00:26.332000,0 days 00:00:29.569000,0 days 00:00:42.954000
VER,0 days 00:01:38.742000,0 days 00:00:26.312000,0 days 00:00:29.650000,0 days 00:00:42.780000
VER,0 days 00:01:38.956000,0 days 00:00:26.475000,0 days 00:00:29.690000,0 days 00:00:42.791000
VER,0 days 00:01:39.067000,0 days 00:00:26.480000,0 days 00:00:29.614000,0 days 00:00:42.973000
VER,0 days 00:01:39.227000,0 days 00:00:26.533000,0 days 00:00:29.710000,0 days 00:00:42.984000
VER,0 days 00:01:39.224000,0 days 00:00:26.429000,0 days 00:00:29.694000,0 days 00:00:43.101000
VER,0 days 00:01:39.305000,0 days 00:00:26.502000,0 days 00:00:29.811000,0 days 00:00:42.992000
VER,0 days 00:01:39.216000,0 days 00:00:26.507000,0 days 00:00:29.629000,0 days 00:00:43.080000
VER,0 days 00:01:39.433000,0 days 00:00:26.517000,0 days 00:00:29.767000,0 days 00:00:43.149000
VER,0 days 00:01:39.422000,0 days 00:00:26.620000,0 days 00:00:29.721000,0 days 00:00:43.081000
VER,0 days 00:01:39.325000,0 days 00:00:26.496000,0 days 00:00:29.709000,0 days 00:00:43.120000
VER,0 days 00:01:39.350000,0 days 00:00:26.492000,0 days 00:00:29.719000,0 days 00:00:43.139000
VER,0 days 00:01:39.445000,0 days 00:00:26.510000,0 days 00:00:29.920000,0 days 00:00:43.015000
VER,0 days 00:01:39.276000,0 days 00:00:26.484000,0 days 00:00:29.775000,0 days 00:00:43.017000
VER,0 days 00:01:39.694000,0 days 00:00:26.581000,0 days 00:00:29.964000,0 days 00:00:43.149000
VER,0 days 00:01:39.654000,0 days 00:00:26.533000,0 days 00:00:29.985000,0 days 00:00:43.136000
VER,0 days 00:01:39.773000,0 days 00:00:26.599000,0 days 00:00:29.912000,0 days 00:00:43.262000
VER,0 days 00:01:39.805000,0 days 00:00:26.714000,0 days 00:00:29.867000,0 days 00:00:43.224000
VER,0 days 00:01:40.253000,0 days 00:00:26.661000,0 days 00:00:29.992000,0 days 00:00:43.600000
GAS,0 days 00:01:43.179000,0 days 00:00:27.391000,0 days 00:00:31.424000,0 days 00:00:44.364000
GAS,0 days 00:01:43.012000,0 days 00:00:27.238000,0 days 00:00:31.321000,0 days 00:00:44.453000
GAS,0 days 00:01:42.847000,0 days 00:00:27.150000,0 days 00:00:31.250000,0 days 00:00:44.447000
GAS,0 days 00:01:43.552000,0 days 00:00:27.593000,0 days 00:00:31.399000,0 days 00:00:44.560000
GAS,0 days 00:01:43.494000,0 days 00:00:27.579000,0 days 00:00:31.338000,0 days 00:00:44.577000
GAS,0 days 00:01:43.352000,0 days 00:00:27.528000,0 days 00:00:31.299000,0 days 00:00:44.525000
GAS,0 days 00:01:43.871000,0 days 00:00:27.673000,0 days 00:00:31.519000,0 days 00:00:44.679000
GAS,0 days 00:01:43.691000,0 days 00:00:27.522000,0 days 00:00:31.562000,0 days 00:00:44.607000
GAS,0 days 00:01:43.435000,0 days 00:00:27.311000,0 days 00:00:31.437000,0 days 00:00:44.687000
GAS,0 days 00:01:48.722000,0 days 00:00:27.727000,0 days 00:00:31.204000,0 days 00:00:49.791000
GAS,0 days 00:02:17.655000,0 days 00:01:03.258000,0 days 00:00:30.614000,0 days 00:00:43.783000
GAS,0 days 00:01:41.071000,0 days 00:00:27.043000,0 days 00:00:30.265000,0 days 00:00:43.763000
GAS,0 days 00:01:41.893000,0 days 00:00:27.333000,0 days 00:00:30.439000,0 days 00:00:44.121000
GAS,0 days 00:01:41.679000,0 days 00:00:27.204000,0 days 00:00:30.382000,0 days 00:00:44.093000
GAS,0 days 00:01:42.107000,0 days 00:00:27.248000,0 days 00:00:30.667000,0 days 00:00:44.192000
GAS,0 days 00:01:41.956000,0 days 00:00:27.303000,0 days 00:00:30.519000,0 days 00:00:44.134000
GAS,0 days 00:01:41.812000,0 days 00:00:27.118000,0 days 00:00:30.516000,0 days 00:00:44.178000
GAS,0 days 00:01:42.136000,0 days 00:00:27.302000,0 days 00:00:30.451000,0 days 00:00:44.383000
GAS,0 days 00:01:42.229000,0 days 00:00:27.252000,0 days 00:00:30.520000,0 days 00:00:44.457000
GAS,0 days 00:02:03.250000,0 days 00:00:27.165000,0 days 00:00:37.882000,0 days 00:00:58.203000
GAS,0 days 00:02:14.094000,0 days 00:00:37.197000,0 days 00:00:41.731000,0 days 00:00:55.166000
GAS,0 days 00:02:18.481000,0 days 00:00:36.277000,0 days 00:00:39.366000,0 days 00:01:02.838000
GAS,0 days 00:02:29.898000,0 days 00:00:52.564000,0 days 00:00:41.574000,0 days 00:00:55.760000
GAS,0 days 00:01:49.465000,0 days 00:00:29.146000,0 days 00:00:33.221000,0 days 00:00:47.098000
GAS,0 days 00:02:12.450000,0 days 00:00:29.516000,0 days 00:00:39.105000,0 days 00:01:03.829000
GAS,0 days 00:01:58.826000,0 days 00:00:27.235000,0 days 00:00:32.258000,0 days 00:00:59.333000
GAS,0 days 00:02:26.862000,0 days 00:00:32.193000,0 days 00:00:51.095000,0 days 00:01:03.574000
GAS,0 days 00:02:26.365000,0 days 00:00:40.034000,0 days 00:00:45.883000,0 days 00:01:00.448000
GAS,0 days 00:02:20.888000,0 days 00:00:35.686000,0 days 00:00:45.132000,0 days 00:01:00.070000
GAS,0 days 00:02:19.270000,0 days 00:00:35.216000,0 days 00:00:44.757000,0 days 00:00:59.297000
GAS,0 days 00:01:41.886000,0 days 00:00:26.989000,0 days 00:00:30.760000,0 days 00:00:44.137000
GAS,0 days 00:01:42.047000,0 days 00:00:27.021000,0 days 00:00:30.957000,0 days 00:00:44.069000
GAS,0 days 00:01:41.522000,0 days 00:00:26.869000,0 days 00:00:30.671000,0 days 00:00:43.982000
GAS,0 days 00:01:41.078000,0 days 00:00:26.903000,0 days 00:00:30.400000,0 days 00:00:43.775000
GAS,0 days 00:01:41.311000,0 days 00:00:26.719000,0 days 00:00:30.619000,0 days 00:00:43.973000
GAS,0 days 00:01:41.071000,0 days 00:00:26.683000,0 days 00:00:30.446000,0 days 00:00:43.942000
GAS,0 days 00:01:46.348000,0 days 00:00:26.860000,0 days 00:00:30.380000,0 days 00:00:49.108000
GAS,0 days 00:01:58.239000,0 days 00:00:45.416000,0 days 00:00:29.829000,0 days 00:00:42.994000
GAS,0 days 00:01:39.198000,0 days 00:00:26.381000,0 days 00:00:29.724000,0 days 00:00:43.093000
GAS,0 days 00:01:39.758000,0 days 00:00:26.464000,0 days 00:00:29.968000,0 days 00:00:43.326000
GAS,0 days 00:01:40.024000,0 days 00:00:26.735000,0 days 00:00:29.824000,0 days 00:00:43.465000
GAS,0 days 00:01:40.029000,0 days 00:00:26.675000,0 days 00:00:29.951000,0 days 00:00:43.403000
GAS,0 days 00:01:39.906000,0 days 00:00:26.647000,0 days 00:00:29.950000,0 days 00:00:43.309000
GAS,0 days 00:01:40.065000,0 days 00:00:26.604000,0 days 00:00:30.016000,0 days 00:00:43.445000
GAS,0 days 00:01:40.250000,0 days 00:00:26.703000,0 days 00:00:29.977000,0 days 00:00:43.570000
GAS,0 days 00:01:40.397000,0 days 00:00:26.674000,0 days 00:00:29.913000,0 days 00:00:43.810000
GAS,0 days 00:01:41.551000,0 days 00:00:26.507000,0 days 00:00:31.408000,0 days 00:00:43.636000
GAS,0 days 00:01:40.305000,0 days 00:00:26.766000,0 days 00:00:30.071000,0 days 00:00:43.468000
GAS,0 days 00:01:40.138000,0 days 00:00:26.558000,0 days 00:00:30.127000,0 days 00:00:43.453000
GAS,0 days 00:01:40.497000,0 days 00:00:26.744000,0 days 00:00:30.177000,0 days 00:00:43.576000
GAS,0 days 00:01:41.052000,0 days 00:00:26.827000,0 days 00:00:30.393000,0 days 00:00:43.832000
GAS,0 days 00:01:41.373000,0 days 00:00:26.980000,0 days 00:00:30.549000,0 days 00:00:43.844000
GAS,0 days 00:01:40.727000,0 days 00:00:26.831000,0 days 00:00:30.209000,0 days 00:00:43.687000
GAS,0 days 00:01:40.737000,0 days 00:00:26.799000,0 days 00:00:30.200000,0 days 00:00:43.738000
GAS,0 days 00:01:40.819000,0 days 00:00:26.803000,0 days 00:00:30.336000,0 days 00:00:43.680000
PER,0 days 00:01:40.881000,0 days 00:00:26.856000,0 days 00:00:30.498000,0 days 00:00:43.527000
PER,0 days 00:01:40.973000,0 days 00:00:27.004000,0 days 00:00:30.644000,0 days 00:00:43.325000
PER,0 days 00:01:41.604000,0 days 00:00:27,0 days 00:00:30.985000,0 days 00:00:43.619000
PER,0 days 00:01:41.625000,0 days 00:00:26.937000,0 days 00:00:30.787000,0 days 00:00:43.901000
PER,0 days 00:01:41.656000,0 days 00:00:27.190000,0 days 00:00:30.742000,0 days 00:00:43.724000
PER,0 days 00:01:41.583000,0 days 00:00:27.096000,0 days 00:00:30.603000,0 days 00:00:43.884000
PER,0 days 00:01:41.713000,0 days 00:00:27.121000,0 days 00:00:30.761000,0 days 00:00:43.831000
PER,0 days 00:01:41.768000,0 days 00:00:27.242000,0 days 00:00:30.619000,0 days 00:00:43.907000
PER,0 days 00:01:41.840000,0 days 00:00:27.198000,0 days 00:00:30.848000,0 days 00:00:43.794000
PER,0 days 00:01:41.767000,0 days 00:00:27.220000,0 days 00:00:30.826000,0 days 00:00:43.721000
PER,0 days 00:01:42.266000,0 days 00:00:27.442000,0 days 00:00:30.963000,0 days 00:00:43.861000
PER,0 days 00:01:46.866000,0 days 00:00:27.325000,0 days 00:00:30.895000,0 days 00:00:48.646000
PER,0 days 00:01:58.255000,0 days 00:00:45.143000,0 days 00:00:29.986000,0 days 00:00:43.126000
PER,0 days 00:01:40.038000,0 days 00:00:26.702000,0 days 00:00:30.175000,0 days 00:00:43.161000
PER,0 days 00:01:40.556000,0 days 00:00:26.763000,0 days 00:00:30.254000,0 days 00:00:43.539000
PER,0 days 00:01:42.103000,0 days 00:00:26.834000,0 days 00:00:31.213000,0 days 00:00:44.056000
PER,0 days 00:01:40.199000,0 days 00:00:26.920000,0 days 00:00:30.085000,0 days 00:00:43.194000
PER,0 days 00:01:40.313000,0 days 00:00:26.929000,0 days 00:00:30.099000,0 days 00:00:43.285000
PER,0 days 00:01:40.522000,0 days 00:00:26.801000,0 days 00:00:30.119000,0 days 00:00:43.602000
PER,0 days 00:01:47.126000,0 days 00:00:26.877000,0 days 00:00:30.246000,0 days 00:00:50.003000
PER,0 days 00:02:13.674000,0 days 00:00:34.584000,0 days 00:00:43.092000,0 days 00:00:55.998000
PER,0 days 00:02:17.492000,0 days 00:00:36.656000,0 days 00:00:40.424000,0 days 00:01:00.412000
PER,0 days 00:02:24.356000,0 days 00:00:35.618000,0 days 00:00:47.349000,0 days 00:01:01.389000
PER,0 days 00:01:49.072000,0 days 00:00:26.812000,0 days 00:00:30.047000,0 days 00:00:52.213000
PER,0 days 00:02:25.947000,0 days 00:00:39.211000,0 days 00:00:45.775000,0 days 00:01:00.961000
PER,0 days 00:02:21.644000,0 days 00:00:35.589000,0 days 00:00:44.431000,0 days 00:01:01.624000
PER,0 days 00:02:25.856000,0 days 00:00:33.147000,0 days 00:00:44.730000,0 days 00:01:07.979000
PER,0 days 00:01:39.731000,0 days 00:00:26.494000,0 days 00:00:29.952000,0 days 00:00:43.285000
PER,0 days 00:01:39.388000,0 days 00:00:26.362000,0 days 00:00:29.915000,0 days 00:00:43.111000
PER,0 days 00:01:39.512000,0 days 00:00:26.285000,0 days 00:00:30.083000,0 days 00:00:43.144000
PER,0 days 00:01:39.698000,0 days 00:00:26.499000,0 days 00:00:30.179000,0 days 00:00:43.020000
PER,0 days 00:01:39.680000,0 days 00:00:26.338000,0 days 00:00:30.290000,0 days 00:00:43.052000
PER,0 days 00:01:40.005000,0 days 00:00:26.445000,0 days 00:00:30.243000,0 days 00:00:43.317000
PER,0 days 00:01:40.068000,0 days 00:00:26.507000,0 days 00:00:30.385000,0 days 00:00:43.176000
PER,0 days 00:01:39.409000,0 days 00:00:26.318000,0 days 00:00:30.089000,0 days 00:00:43.002000
PER,0 days 00:01:39.687000,0 days 00:00:26.606000,0 days 00:00:29.917000,0 days 00:00:43.164000
PER,0 days 00:01:39.599000,0 days 00:00:26.600000,0 days 00:00:29.953000,0 days 00:00:43.046000
PER,0 days 00:01:39.521000,0 days 00:00:26.403000,0 days 00:00:29.976000,0 days 00:00:43.142000
PER,0 days 00:01:39.607000,0 days 00:00:26.529000,0 days 00:00:29.899000,0 days 00:00:43.179000
PER,0 days 00:01:39.722000,0 days 00:00:26.487000,0 days 00:00:30.023000,0 days 00:00:43.212000
PER,0 days 00:01:39.849000,0 days 00:00:26.591000,0 days 00:00:30.005000,0 days 00:00:43.253000
PER,0 days 00:01:39.966000,0 days 00:00:26.686000,0 days 00:00:30.091000,0 days 00:00:43.189000
PER,0 days 00:01:39.955000,0 days 00:00:26.660000,0 days 00:00:30.006000,0 days 00:00:43.289000
PER,0 days 00:01:39.961000,0 days 00:00:26.647000,0 days 00:00:29.974000,0 days 00:00:43.340000
PER,0 days 00:01:39.903000,0 days 00:00:26.588000,0 days 00:00:29.988000,0 days 00:00:43.327000
PER,0 days 00:01:40.052000,0 days 00:00:26.645000,0 days 00:00:30.112000,0 days 00:00:43.295000
PER,0 days 00:01:39.906000,0 days 00:00:26.570000,0 days 00:00:30.025000,0 days 00:00:43.311000
PER,0 days 00:01:40.123000,0 days 00:00:26.576000,0 days 00:00:30.170000,0 days 00:00:43.377000
PER,0 days 00:01:40.196000,0 days 00:00:26.729000,0 days 00:00:30.113000,0 days 00:00:43.354000
PER,0 days 00:01:40.228000,0 days 00:00:26.692000,0 days 00:00:30.202000,0 days 00:00:43.334000
PER,0 days 00:01:40.593000,0 days 00:00:26.768000,0 days 00:00:30.179000,0 days 00:00:43.646000
PER,0 days 00:01:40.650000,0 days 00:00:26.891000,0 days 00:00:30.202000,0 days 00:00:43.557000
ALO,0 days 00:01:41.128000,0 days 00:00:26.834000,0 days 00:00:30.450000,0 days 00:00:43.844000
ALO,0 days 00:01:40.988000,0 days 00:00:26.859000,0 days 00:00:30.616000,0 days 00:00:43.513000
ALO,0 days 00:01:41.579000,0 days 00:00:27.063000,0 days 00:00:30.734000,0 days 00:00:43.782000
ALO,0 days 00:01:43.060000,0 days 00:00:27.323000,0 days 00:00:31.673000,0 days 00:00:44.064000
ALO,0 days 00:01:42.363000,0 days 00:00:27.069000,0 days 00:00:31.125000,0 days 00:00:44.169000
ALO,0 days 00:01:43.817000,0 days 00:00:27.371000,0 days 00:00:31.200000,0 days 00:00:45.246000
ALO,0 days 00:01:43.132000,0 days 00:00:27.391000,0 days 00:00:31.299000,0 days 00:00:44.442000
ALO,0 days 00:01:42.946000,0 days 00:00:27.552000,0 days 00:00:31.167000,0 days 00:00:44.227000
ALO,0 days 00:01:43.083000,0 days 00:00:27.571000,0 days 00:00:31.284000,0 days 00:00:44.228000
ALO,0 days 00:01:48.048000,0 days 00:00:27.510000,0 days 00:00:31.228000,0 days 00:00:49.310000
ALO,0 days 00:02:00.050000,0 days 00:00:45.680000,0 days 00:00:30.787000,0 days 00:00:43.583000
ALO,0 days 00:01:42.256000,0 days 00:00:26.720000,0 days 00:00:31.577000,0 days 00:00:43.959000
ALO,0 days 00:01:40.944000,0 days 00:00:26.921000,0 days 00:00:30.309000,0 days 00:00:43.714000
ALO,0 days 00:01:40.983000,0 days 00:00:26.810000,0 days 00:00:30.316000,0 days 00:00:43.857000
ALO,0 days 00:01:41.274000,0 days 00:00:26.819000,0 days 00:00:30.502000,0 days 00:00:43.953000
ALO,0 days 00:01:41.251000,0 days 00:00:26.859000,0 days 00:00:30.484000,0 days 00:00:43.908000
ALO,0 days 00:01:41.229000,0 days 00:00:26.948000,0 days 00:00:30.472000,0 days 00:00:43.809000
ALO,0 days 00:01:41.459000,0 days 00:00:26.930000,0 days 00:00:30.507000,0 days 00:00:44.022000
ALO,0 days 00:01:41.640000,0 days 00:00:26.937000,0 days 00:00:30.635000,0 days 00:00:44.068000
ALO,0 days 00:01:50.904000,0 days 00:00:27.034000,0 days 00:00:30.498000,0 days 00:00:53.372000
ALO,0 days 00:02:13.864000,0 days 00:00:35.242000,0 days 00:00:40.899000,0 days 00:00:57.723000
ALO,0 days 00:02:17.153000,0 days 00:00:36.465000,0 days 00:00:39.226000,0 days 00:01:01.462000
ALO,0 days 00:02:28.542000,0 days 00:00:52.151000,0 days 00:00:39.582000,0 days 00:00:56.809000
ALO,0 days 00:02:15.201000,0 days 00:00:32.074000,0 days 00:00:40.507000,0 days 00:01:02.620000
ALO,0 days 00:01:50.392000,0 days 00:00:26.633000,0 days 00:00:30.354000,0 days 00:00:53.405000
ALO,0 days 00:02:25.818000,0 days 00:00:40.074000,0 days 00:00:45.245000,0 days 00:01:00.499000
ALO,0 days 00:02:22.100000,0 days 00:00:35.989000,0 days 00:00:44.648000,0 days 00:01:01.463000
ALO,0 days 00:02:24.857000,0 days 00:00:33.323000,0 days 00:00:44.745000,0 days 00:01:06.789000
ALO,0 days 00:01:40.190000,0 days 00:00:26.552000,0 days 00:00:30.149000,0 days 00:00:43.489000
ALO,0 days 00:01:39.480000,0 days 00:00:26.546000,0 days 00:00:29.893000,0 days 00:00:43.041000
ALO,0 days 00:01:39.452000,0 days 00:00:26.422000,0 days 00:00:29.964000,0 days 00:00:43.066000
ALO,0 days 00:01:39.817000,0 days 00:00:26.507000,0 days 00:00:30.203000,0 days 00:00:43.107000
ALO,0 days 00:01:40.638000,0 days 00:00:26.637000,0 days 00:00:30.312000,0 days 00:00:43.689000
ALO,0 days 00:01:40.400000,0 days 00:00:26.770000,0 days 00:00:30.271000,0 days 00:00:43.359000
ALO,0 days 00:01:40.119000,0 days 00:00:26.763000,0 days 00:00:30.127000,0 days 00:00:43.229000
ALO,0 days 00:01:40.447000,0 days 00:00:26.810000,0 days 00:00:30.192000,0 days 00:00:43.445000
ALO,0 days 00:01:40.693000,0 days 00:00:26.836000,0 days 00:00:30.395000,0 days 00:00:43.462000
ALO,0 days 00:01:40.819000,0 days 00:00:26.929000,0 days 00:00:30.338000,0 days 00:00:43.552000
ALO,0 days 00:01:40.794000,0 days 00:00:26.912000,0 days 00:00:30.407000,0 days 00:00:43.475000
ALO,0 days 00:01:45.953000,0 days 00:00:26.941000,0 days 00:00:30.254000,0 days 00:00:48.758000
ALO,0 days 00:01:57.277000,0 days 00:00:45.357000,0 days 00:00:29.422000,0 days 00:00:42.498000
ALO,0 days 00:01:37.810000,0 days 00:00:26.106000,0 days 00:00:29.306000,0 days 00:00:42.398000
ALO,0 days 00:01:39.559000,0 days 00:00:26.370000,0 days 00:00:30.123000,0 days 00:00:43.066000
ALO,0 days 00:01:39.963000,0 days 00:00:26.627000,0 days 00:00:30.342000,0 days 00:00:42.994000
ALO,0 days 00:01:39.837000,0 days 00:00:26.620000,0 days 00:00:29.807000,0 days 00:00:43.410000
ALO,0 days 00:01:39.403000,0 days 00:00:26.485000,0 days 00:00:29.940000,0 days 00:00:42.978000
ALO,0 days 00:01:39.174000,0 days 00:00:26.460000,0 days 00:00:29.793000,0 days 00:00:42.921000
ALO,0 days 00:01:39.487000,0 days 00:00:26.457000,0 days 00:00:29.983000,0 days 00:00:43.047000
ALO,0 days 00:01:39.396000,0 days 00:00:26.333000,0 days 00:00:29.858000,0 days 00:00:43.205000
ALO,0 days 00:01:39.557000,0 days 00:00:26.571000,0 days 00:00:29.849000,0 days 00:00:43.137000
ALO,0 days 00:01:40.377000,0 days 00:00:26.704000,0 days 00:00:30.061000,0 days 00:00:43.612000
ALO,0 days 00:01:40.056000,0 days 00:00:26.627000,0 days 00:00:30.198000,0 days 00:00:43.231000
ALO,0 days 00:01:40.249000,0 days 00:00:26.832000,0 days 00:00:30.149000,0 days 00:00:43.268000
LEC,0 days 00:01:41.812000,0 days 00:00:27.305000,0 days 00:00:30.812000,0 days 00:00:43.695000
LEC,0 days 00:01:42.090000,0 days 00:00:27.068000,0 days 00:00:31.135000,0 days 00:00:43.887000
LEC,0 days 00:01:42.220000,0 days 00:00:27.289000,0 days 00:00:30.941000,0 days 00:00:43.990000
LEC,0 days 00:01:42.095000,0 days 00:00:27.308000,0 days 00:00:30.886000,0 days 00:00:43.901000
LEC,0 days 00:01:42.322000,0 days 00:00:27.267000,0 days 00:00:31.156000,0 days 00:00:43.899000
LEC,0 days 00:01:42.417000,0 days 00:00:27.201000,0 days 00:00:31.213000,0 days 00:00:44.003000
LEC,0 days 00:01:42.969000,0 days 00:00:27.283000,0 days 00:00:31.480000,0 days 00:00:44.206000
LEC,0 days 00:01:42.189000,0 days 00:00:27.245000,0 days 00:00:30.805000,0 days 00:00:44.139000
LEC,0 days 00:01:42.324000,0 days 00:00:27.238000,0 days 00:00:31.145000,0 days 00:00:43.941000
LEC,0 days 00:01:42.128000,0 days 00:00:27.066000,0 days 00:00:31.372000,0 days 00:00:43.690000
LEC,0 days 00:01:41.939000,0 days 00:00:27.165000,0 days 00:00:30.859000,0 days 00:00:43.915000
LEC,0 days 00:01:42.079000,0 days 00:00:27.348000,0 days 00:00:30.754000,0 days 00:00:43.977000
LEC,0 days 00:01:41.812000,0 days 00:00:27.246000,0 days 00:00:30.685000,0 days 00:00:43.881000
LEC,0 days 00:01:41.864000,0 days 00:00:27.212000,0 days 00:00:30.784000,0 days 00:00:43.868000
LEC,0 days 00:01:42.729000,0 days 00:00:27.237000,0 days 00:00:31.529000,0 days 00:00:43.963000
LEC,0 days 00:01:41.979000,0 days 00:00:27.306000,0 days 00:00:30.845000,0 days 00:00:43.828000
LEC,0 days 00:01:42.114000,0 days 00:00:27.442000,0 days 00:00:30.799000,0 days 00:00:43.873000
LEC,0 days 00:01:41.982000,0 days 00:00:27.275000,0 days 00:00:30.764000,0 days 00:00:43.943000
LEC,0 days 00:01:42.041000,0 days 00:00:27.337000,0 days 00:00:30.746000,0 days 00:00:43.958000
LEC,0 days 00:01:51.969000,0 days 00:00:27.352000,0 days 00:00:30.901000,0 days 00:00:53.716000
LEC,0 days 00:02:12.911000,0 days 00:00:37.046000,0 days 00:00:39.533000,0 days 00:00:56.332000
LEC,0 days 00:02:16.842000,0 days 00:00:35.007000,0 days 00:00:38.685000,0 days 00:01:03.150000
LEC,0 days 00:02:25.209000,0 days 00:00:36.693000,0 days 00:00:46.826000,0 days 00:01:01.690000
LEC,0 days 00:01:48.724000,0 days 00:00:26.655000,0 days 00:00:29.957000,0 days 00:00:52.112000
LEC,0 days 00:02:26.334000,0 days 00:00:39.650000,0 days 00:00:45.685000,0 days 00:01:00.999000
LEC,0 days 00:02:20.784000,0 days 00:00:35.682000,0 days 00:00:43.965000,0 days 00:01:01.137000
LEC,0 days 00:02:26.766000,0 days 00:00:34.005000,0 days 00:00:44.877000,0 days 00:01:07.884000
LEC,0 days 00:01:39.525000,0 days 00:00:26.515000,0 days 00:00:29.931000,0 days 00:00:43.079000
LEC,0 days 00:01:39.384000,0 days 00:00:26.529000,0 days 00:00:29.829000,0 days 00:00:43.026000
LEC,0 days 00:01:39.561000,0 days 00:00:26.526000,0 days 00:00:29.914000,0 days 00:00:43.121000
LEC,0 days 00:01:39.707000,0 days 00:00:26.680000,0 days 00:00:29.951000,0 days 00:00:43.076000
LEC,0 days 00:01:39.775000,0 days 00:00:26.525000,0 days 00:00:30.025000,0 days 00:00:43.225000
LEC,0 days 00:01:40.040000,0 days 00:00:26.585000,0 days 00:00:30.103000,0 days 00:00:43.352000
LEC,0 days 00:01:40.058000,0 days 00:00:26.762000,0 days 00:00:30.046000,0 days 00:00:43.250000
LEC,0 days 00:01:40.789000,0 days 00:00:26.666000,0 days 00:00:30.922000,0 days 00:00:43.201000
LEC,0 days 00:01:39.731000,0 days 00:00:26.506000,0 days 00:00:30.181000,0 days 00:00:43.044000
LEC,0 days 00:01:39.625000,0 days 00:00:26.415000,0 days 00:00:30.217000,0 days 00:00:42.993000
LEC,0 days 00:01:39.906000,0 days 00:00:26.532000,0 days 00:00:30.169000,0 days 00:00:43.205000
LEC,0 days 00:01:39.908000,0 days 00:00:26.691000,0 days 00:00:29.998000,0 days 00:00:43.219000
LEC,0 days 00:01:39.841000,0 days 00:00:26.662000,0 days 00:00:30.010000,0 days 00:00:43.169000
LEC,0 days 00:01:40.025000,0 days 00:00:26.729000,0 days 00:00:30.136000,0 days 00:00:43.160000
LEC,0 days 00:01:40.224000,0 days 00:00:26.857000,0 days 00:00:30.073000,0 days 00:00:43.294000
LEC,0 days 00:01:40.316000,0 days 00:00:26.713000,0 days 00:00:30.036000,0 days 00:00:43.567000
LEC,0 days 00:01:40.158000,0 days 00:00:26.759000,0 days 00:00:30.021000,0 days 00:00:43.378000
LEC,0 days 00:01:40.423000,0 days 00:00:26.786000,0 days 00:00:30.170000,0 days 00:00:43.467000
LEC,0 days 00:01:40.337000,0 days 00:00:26.803000,0 days 00:00:30.307000,0 days 00:00:43.227000
LEC,0 days 00:01:40.205000,0 days 00:00:26.813000,0 days 00:00:30.091000,0 days 00:00:43.301000
LEC,0 days 00:01:40.453000,0 days 00:00:26.834000,0 days 00:00:30.289000,0 days 00:00:43.330000
LEC,0 days 00:01:40.366000,0 days 00:00:26.810000,0 days 00:00:30.117000,0 days 00:00:43.439000
LEC,0 days 00:01:40.171000,0 days 00:00:26.820000,0 days 00:00:30.075000,0 days 00:00:43.276000
LEC,0 days 00:01:40.882000,0 days 00:00:27.018000,0 days 00:00:30.420000,0 days 00:00:43.444000
LEC,0 days 00:01:40.568000,0 days 00:00:26.873000,0 days 00:00:30.305000,0 days 00:00:43.390000
STR,0 days 00:01:42.326000,0 days 00:00:27.410000,0 days 00:00:30.922000,0 days 00:00:43.994000
STR,0 days 00:01:42.305000,0 days 00:00:27.167000,0 days 00:00:31.063000,0 days 00:00:44.075000
STR,0 days 00:01:42.556000,0 days 00:00:27.311000,0 days 00:00:30.880000,0 days 00:00:44.365000
STR,0 days 00:01:42.984000,0 days 00:00:27.387000,0 days 00:00:31.215000,0 days 00:00:44.382000
STR,0 days 00:01:43.277000,0 days 00:00:27.427000,0 days 00:00:31.431000,0 days 00:00:44.419000
STR,0 days 00:01:43.261000,0 days 00:00:27.390000,0 days 00:00:31.280000,0 days 00:00:44.591000
STR,0 days 00:01:43.068000,0 days 00:00:27.530000,0 days 00:00:31.045000,0 days 00:00:44.493000
STR,0 days 00:01:47.714000,0 days 00:00:27.394000,0 days 00:00:31.116000,0 days 00:00:49.204000
STR,0 days 00:01:59.726000,0 days 00:00:46.238000,0 days 00:00:29.942000,0 days 00:00:43.546000
STR,0 days 00:01:41.281000,0 days 00:00:26.844000,0 days 00:00:30.546000,0 days 00:00:43.891000
STR,0 days 00:01:42.009000,0 days 00:00:27.174000,0 days 00:00:30.902000,0 days 00:00:43.933000
STR,0 days 00:01:41.472000,0 days 00:00:27.017000,0 days 00:00:30.645000,0 days 00:00:43.810000
STR,0 days 00:01:41.825000,0 days 00:00:27.231000,0 days 00:00:30.723000,0 days 00:00:43.871000
STR,0 days 00:01:41.470000,0 days 00:00:26.966000,0 days 00:00:30.661000,0 days 00:00:43.843000
STR,0 days 00:01:41.816000,0 days 00:00:27.068000,0 days 00:00:30.698000,0 days 00:00:44.050000
STR,0 days 00:01:41.721000,0 days 00:00:27.139000,0 days 00:00:30.610000,0 days 00:00:43.972000
STR,0 days 00:01:42.436000,0 days 00:00:27.200000,0 days 00:00:30.649000,0 days 00:00:44.587000
STR,0 days 00:01:42.334000,0 days 00:00:27.278000,0 days 00:00:30.872000,0 days 00:00:44.184000
STR,0 days 00:01:42.095000,0 days 00:00:27.339000,0 days 00:00:30.576000,0 days 00:00:44.180000
STR,0 days 00:01:58.981000,0 days 00:00:27.168000,0 days 00:00:30.839000,0 days 00:01:00.974000
STR,0 days 00:02:12.612000,0 days 00:00:36.028000,0 days 00:00:39.677000,0 days 00:00:56.907000
STR,0 days 00:02:12.862000,0 days 00:00:35.434000,0 days 00:00:40.146000,0 days 00:00:57.282000
STR,0 days 00:02:07.034000,0 days 00:00:28.736000,0 days 00:00:39.134000,0 days 00:00:59.164000
STR,0 days 00:02:18.015000,0 days 00:00:35.176000,0 days 00:00:39.900000,0 days 00:01:02.939000
STR,0 days 00:01:44.547000,0 days 00:00:26.825000,0 days 00:00:29.769000,0 days 00:00:47.953000
STR,0 days 00:01:43.268000,0 days 00:00:27.180000,0 days 00:00:30.761000,0 days 00:00:45.327000
STR,0 days 00:02:04.240000,0 days 00:00:27.177000,0 days 00:00:39.107000,0 days 00:00:57.956000
STR,0 days 00:01:41.485000,0 days 00:00:26.753000,0 days 00:00:30.615000,0 days 00:00:44.117000
STR,0 days 00:01:42.201000,0 days 00:00:27.202000,0 days 00:00:31.065000,0 days 00:00:43.934000
STR,0 days 00:01:42.969000,0 days 00:00:26.884000,0 days 00:00:31.447000,0 days 00:00:44.638000
STR,0 days 00:01:45.678000,0 days 00:00:27.105000,0 days 00:00:30.394000,0 days 00:00:48.179000
STR,0 days 00:02:10.576000,0 days 00:00:57.589000,0 days 00:00:29.668000,0 days 00:00:43.319000
STR,0 days 00:01:39.444000,0 days 00:00:26.455000,0 days 00:00:29.661000,0 days 00:00:43.328000
STR,0 days 00:01:39.449000,0 days 00:00:26.429000,0 days 00:00:29.774000,0 days 00:00:43.246000
STR,0 days 00:01:39.639000,0 days 00:00:26.526000,0 days 00:00:29.821000,0 days 00:00:43.292000
STR,0 days 00:01:39.905000,0 days 00:00:26.628000,0 days 00:00:29.862000,0 days 00:00:43.415000
STR,0 days 00:01:40.145000,0 days 00:00:26.689000,0 days 00:00:29.901000,0 days 00:00:43.555000
STR,0 days 00:01:39.953000,0 days 00:00:26.730000,0 days 00:00:29.815000,0 days 00:00:43.408000
STR,0 days 00:01:40.351000,0 days 00:00:26.860000,0 days 00:00:29.975000,0 days 00:00:43.516000
STR,0 days 00:01:40.358000,0 days 00:00:26.680000,0 days 00:00:30.244000,0 days 00:00:43.434000
STR,0 days 00:01:40.291000,0 days 00:00:26.755000,0 days 00:00:29.970000,0 days 00:00:43.566000
STR,0 days 00:01:40.736000,0 days 00:00:26.878000,0 days 00:00:30.220000,0 days 00:00:43.638000
STR,0 days 00:01:40.654000,0 days 00:00:26.949000,0 days 00:00:30.092000,0 days 00:00:43.613000
STR,0 days 00:01:40.297000,0 days 00:00:26.820000,0 days 00:00:29.870000,0 days 00:00:43.607000
STR,0 days 00:01:40.569000,0 days 00:00:26.939000,0 days 00:00:30.123000,0 days 00:00:43.507000
STR,0 days 00:01:40.588000,0 days 00:00:26.844000,0 days 00:00:30.102000,0 days 00:00:43.642000
STR,0 days 00:01:40.717000,0 days 00:00:26.863000,0 days 00:00:30.222000,0 days 00:00:43.632000
STR,0 days 00:01:40.988000,0 days 00:00:26.919000,0 days 00:00:30.163000,0 days 00:00:43.906000
STR,0 days 00:01:41.402000,0 days 00:00:26.979000,0 days 00:00:30.402000,0 days 00:00:44.021000
STR,0 days 00:01:41.571000,0 days 00:00:27.031000,0 days 00:00:30.479000,0 days 00:00:44.061000
STR,0 days 00:01:41.143000,0 days 00:00:26.788000,0 days 00:00:30.766000,0 days 00:00:43.589000
STR,0 days 00:01:41.502000,0 days 00:00:27.058000,0 days 00:00:30.330000,0 days 00:00:44.114000
SAR,0 days 00:01:44.088000,0 days 00:00:27.800000,0 days 00:00:31.520000,0 days 00:00:44.768000
SAR,0 days 00:01:43.644000,0 days 00:00:27.390000,0 days 00:00:31.729000,0 days 00:00:44.525000
SAR,0 days 00:01:44.226000,0 days 00:00:27.493000,0 days 00:00:31.440000,0 days 00:00:45.293000
SAR,0 days 00:01:43.516000,0 days 00:00:27.567000,0 days 00:00:31.360000,0 days 00:00:44.589000
SAR,0 days 00:01:43.726000,0 days 00:00:27.432000,0 days 00:00:31.588000,0 days 00:00:44.706000
SAR,0 days 00:01:44.084000,0 days 00:00:27.722000,0 days 00:00:31.576000,0 days 00:00:44.786000
SAR,0 days 00:01:44.213000,0 days 00:00:27.352000,0 days 00:00:32.263000,0 days 00:00:44.598000
SAR,0 days 00:01:43.236000,0 days 00:00:27.431000,0 days 00:00:31.304000,0 days 00:00:44.501000
SAR,0 days 00:01:43.684000,0 days 00:00:27.691000,0 days 00:00:31.540000,0 days 00:00:44.453000
SAR,0 days 00:01:43.575000,0 days 00:00:27.649000,0 days 00:00:31.394000,0 days 00:00:44.532000
SAR,0 days 00:01:49.069000,0 days 00:00:27.640000,0 days 00:00:31.416000,0 days 00:00:50.013000
SAR,0 days 00:02:00.228000,0 days 00:00:46.327000,0 days 00:00:30.261000,0 days 00:00:43.640000
SAR,0 days 00:01:41,0 days 00:00:26.901000,0 days 00:00:30.370000,0 days 00:00:43.729000
SAR,0 days 00:01:41.741000,0 days 00:00:27.173000,0 days 00:00:30.505000,0 days 00:00:44.063000
SAR,0 days 00:01:42.441000,0 days 00:00:27.198000,0 days 00:00:30.859000,0 days 00:00:44.384000
SAR,0 days 00:01:42.275000,0 days 00:00:27.182000,0 days 00:00:30.848000,0 days 00:00:44.245000
SAR,0 days 00:01:42.301000,0 days 00:00:27.271000,0 days 00:00:30.902000,0 days 00:00:44.128000
SAR,0 days 00:01:42.590000,0 days 00:00:27.320000,0 days 00:00:31.020000,0 days 00:00:44.250000
SAR,0 days 00:01:43.203000,0 days 00:00:27.348000,0 days 00:00:31.376000,0 days 00:00:44.479000
SAR,0 days 00:02:02.122000,0 days 00:00:27.544000,0 days 00:00:37.511000,0 days 00:00:57.067000
SAR,0 days 00:02:13.694000,0 days 00:00:35.584000,0 days 00:00:40.056000,0 days 00:00:58.054000
SAR,0 days 00:02:13.935000,0 days 00:00:36.404000,0 days 00:00:39.650000,0 days 00:00:57.881000
SAR,0 days 00:02:15.351000,0 days 00:00:33.706000,0 days 00:00:40.173000,0 days 00:01:01.472000
SAR,0 days 00:02:06.753000,0 days 00:00:46.785000,0 days 00:00:32.526000,0 days 00:00:47.442000
SAR,0 days 00:02:21.458000,0 days 00:00:34.399000,0 days 00:00:40.996000,0 days 00:01:06.063000
SAR,0 days 00:01:57.209000,0 days 00:00:27.359000,0 days 00:00:32.012000,0 days 00:00:57.838000
SAR,0 days 00:02:26.890000,0 days 00:00:32.154000,0 days 00:00:51.448000,0 days 00:01:03.288000
SAR,0 days 00:02:24.794000,0 days 00:00:39.862000,0 days 00:00:46.420000,0 days 00:00:58.512000
SAR,0 days 00:02:21.607000,0 days 00:00:38.125000,0 days 00:00:44.298000,0 days 00:00:59.184000
SAR,0 days 00:02:21.503000,0 days 00:00:36.242000,0 days 00:00:44.082000,0 days 00:01:01.179000
SAR,0 days 00:01:42.185000,0 days 00:00:27.148000,0 days 00:00:30.660000,0 days 00:00:44.377000
SAR,0 days 00:01:42.482000,0 days 00:00:27.223000,0 days 00:00:31.129000,0 days 00:00:44.130000
SAR,0 days 00:01:41.233000,0 days 00:00:26.959000,0 days 00:00:30.474000,0 days 00:00:43.800000
SAR,0 days 00:01:41.096000,0 days 00:00:26.992000,0 days 00:00:30.265000,0 days 00:00:43.839000
SAR,0 days 00:01:41.518000,0 days 00:00:27.089000,0 days 00:00:30.463000,0 days 00:00:43.966000
SAR,0 days 00:01:42.430000,0 days 00:00:27.063000,0 days 00:00:31.427000,0 days 00:00:43.940000
SAR,0 days 00:01:42.347000,0 days 00:00:26.947000,0 days 00:00:30.638000,0 days 00:00:44.762000
SAR,0 days 00:01:42.346000,0 days 00:00:27.547000,0 days 00:00:30.873000,0 days 00:00:43.926000
SAR,0 days 00:01:42.428000,0 days 00:00:27.325000,0 days 00:00:31.068000,0 days 00:00:44.035000
SAR,0 days 00:01:41.943000,0 days 00:00:27.158000,0 days 00:00:30.585000,0 days 00:00:44.200000
SAR,0 days 00:01:41.894000,0 days 00:00:27.105000,0 days 00:00:30.627000,0 days 00:00:44.162000
SAR,0 days 00:01:43.096000,0 days 00:00:27.347000,0 days 00:00:31.474000,0 days 00:00:44.275000
SAR,0 days 00:01:42.394000,0 days 00:00:27.409000,0 days 00:00:30.906000,0 days 00:00:44.079000
SAR,0 days 00:01:41.914000,0 days 00:00:27.239000,0 days 00:00:30.772000,0 days 00:00:43.903000
SAR,0 days 00:01:42.396000,0 days 00:00:27.451000,0 days 00:00:30.876000,0 days 00:00:44.069000
SAR,0 days 00:01:41.914000,0 days 00:00:27.210000,0 days 00:00:30.559000,0 days 00:00:44.145000
SAR,0 days 00:01:42.767000,0 days 00:00:27.150000,0 days 00:00:30.976000,0 days 00:00:44.641000
SAR,0 days 00:01:42.743000,0 days 00:00:27.378000,0 days 00:00:30.770000,0 days 00:00:44.595000
SAR,0 days 00:01:42.645000,0 days 00:00:27.397000,0 days 00:00:30.973000,0 days 00:00:44.275000
SAR,0 days 00:01:42.320000,0 days 00:00:27.225000,0 days 00:00:30.837000,0 days 00:00:44.258000
SAR,0 days 00:01:42.550000,0 days 00:00:27.375000,0 days 00:00:30.950000,0 days 00:00:44.225000
SAR,0 days 00:01:42.274000,0 days 00:00:27.195000,0 days 00:00:30.672000,0 days 00:00:44.407000
SAR,0 days 00:01:42.402000,0 days 00:00:27.381000,0 days 00:00:30.698000,0 days 00:00:44.323000
SAR,0 days 00:01:42.913000,0 days 00:00:27.293000,0 days 00:00:30.757000,0 days 00:00:44.863000
SAR,0 days 00:01:43.148000,0 days 00:00:27.730000,0 days 00:00:30.879000,0 days 00:00:44.539000
MAG,0 days 00:01:43.907000,0 days 00:00:27.241000,0 days 00:00:31.669000,0 days 00:00:44.997000
MAG,0 days 00:01:43.179000,0 days 00:00:27.319000,0 days 00:00:31.608000,0 days 00:00:44.252000
MAG,0 days 00:01:44.116000,0 days 00:00:27.237000,0 days 00:00:31.903000,0 days 00:00:44.976000
MAG,0 days 00:01:43.797000,0 days 00:00:27.387000,0 days 00:00:31.712000,0 days 00:00:44.698000
MAG,0 days 00:01:43.899000,0 days 00:00:27.510000,0 days 00:00:31.597000,0 days 00:00:44.792000
MAG,0 days 00:01:43.930000,0 days 00:00:27.684000,0 days 00:00:31.345000,0 days 00:00:44.901000
MAG,0 days 00:01:44.239000,0 days 00:00:27.632000,0 days 00:00:31.516000,0 days 00:00:45.091000
MAG,0 days 00:01:43.461000,0 days 00:00:27.564000,0 days 00:00:31.255000,0 days 00:00:44.642000
MAG,0 days 00:01:43.280000,0 days 00:00:27.469000,0 days 00:00:31.262000,0 days 00:00:44.549000
MAG,0 days 00:01:43.549000,0 days 00:00:27.633000,0 days 00:00:31.297000,0 days 00:00:44.619000
MAG,0 days 00:01:43.665000,0 days 00:00:27.690000,0 days 00:00:31.478000,0 days 00:00:44.497000
MAG,0 days 00:01:44.590000,0 days 00:00:27.710000,0 days 00:00:31.398000,0 days 00:00:45.482000
MAG,0 days 00:01:43.959000,0 days 00:00:27.722000,0 days 00:00:31.549000,0 days 00:00:44.688000
MAG,0 days 00:01:44.466000,0 days 00:00:27.668000,0 days 00:00:32.043000,0 days 00:00:44.755000
MAG,0 days 00:01:43.648000,0 days 00:00:27.578000,0 days 00:00:31.324000,0 days 00:00:44.746000
MAG,0 days 00:01:50.262000,0 days 00:00:28.315000,0 days 00:00:31.644000,0 days 00:00:50.303000
MAG,0 days 00:02:00.904000,0 days 00:00:46.451000,0 days 00:00:30.449000,0 days 00:00:44.004000
MAG,0 days 00:01:41.106000,0 days 00:00:26.677000,0 days 00:00:30.429000,0 days 00:00:44
MAG,0 days 00:01:41.312000,0 days 00:00:26.807000,0 days 00:00:30.410000,0 days 00:00:44.095000
MAG,0 days 00:02:03.843000,0 days 00:00:26.911000,0 days 00:00:38.907000,0 days 00:00:58.025000
MAG,0 days 00:02:15.385000,0 days 00:00:36.990000,0 days 00:00:41.788000,0 days 00:00:56.607000
MAG,0 days 00:02:12.117000,0 days 00:00:35.145000,0 days 00:00:38.966000,0 days 00:00:58.006000
MAG,0 days 00:02:12.967000,0 days 00:00:38.752000,0 days 00:00:36.718000,0 days 00:00:57.497000
MAG,0 days 00:01:54.289000,0 days 00:00:29.044000,0 days 00:00:32.724000,0 days 00:00:52.521000
MAG,0 days 00:02:26.068000,0 days 00:00:35.224000,0 days 00:00:42.068000,0 days 00:01:08.776000
MAG,0 days 00:02:17.066000,0 days 00:00:49.816000,0 days 00:00:31.747000,0 days 00:00:55.503000
MAG,0 days 00:01:57.805000,0 days 00:00:27.375000,0 days 00:00:31.469000,0 days 00:00:58.961000
MAG,0 days 00:02:21.596000,0 days 00:00:35.996000,0 days 00:00:44.947000,0 days 00:01:00.653000
MAG,0 days 00:02:17.804000,0 days 00:00:34.647000,0 days 00:00:44.809000,0 days 00:00:58.348000
MAG,0 days 00:01:41.740000,0 days 00:00:26.956000,0 days 00:00:30.822000,0 days 00:00:43.962000
MAG,0 days 00:01:42.473000,0 days 00:00:26.986000,0 days 00:00:31.420000,0 days 00:00:44.067000
MAG,0 days 00:01:43.518000,0 days 00:00:27.045000,0 days 00:00:31.548000,0 days 00:00:44.925000
MAG,0 days 00:01:42.616000,0 days 00:00:27.264000,0 days 00:00:31.172000,0 days 00:00:44.180000
MAG,0 days 00:01:41.298000,0 days 00:00:27.032000,0 days 00:00:30.486000,0 days 00:00:43.780000
MAG,0 days 00:01:41.420000,0 days 00:00:26.956000,0 days 00:00:30.633000,0 days 00:00:43.831000
MAG,0 days 00:01:41.360000,0 days 00:00:26.932000,0 days 00:00:30.575000,0 days 00:00:43.853000
MAG,0 days 00:01:41.280000,0 days 00:00:27.030000,0 days 00:00:30.525000,0 days 00:00:43.725000
MAG,0 days 00:01:41.754000,0 days 00:00:27.248000,0 days 00:00:30.665000,0 days 00:00:43.841000
MAG,0 days 00:01:41.840000,0 days 00:00:26.974000,0 days 00:00:30.872000,0 days 00:00:43.994000
MAG,0 days 00:01:41.513000,0 days 00:00:26.817000,0 days 00:00:30.762000,0 days 00:00:43.934000
MAG,0 days 00:01:41.245000,0 days 00:00:26.925000,0 days 00:00:30.446000,0 days 00:00:43.874000
MAG,0 days 00:01:41.324000,0 days 00:00:27.049000,0 days 00:00:30.465000,0 days 00:00:43.810000
MAG,0 days 00:01:41.077000,0 days 00:00:27.024000,0 days 00:00:30.428000,0 days 00:00:43.625000
MAG,0 days 00:01:41.498000,0 days 00:00:27.187000,0 days 00:00:30.551000,0 days 00:00:43.760000
MAG,0 days 00:01:41.366000,0 days 00:00:27.055000,0 days 00:00:30.365000,0 days 00:00:43.946000
MAG,0 days 00:01:41.603000,0 days 00:00:27.113000,0 days 00:00:30.515000,0 days 00:00:43.975000
MAG,0 days 00:01:41.355000,0 days 00:00:27.034000,0 days 00:00:30.530000,0 days 00:00:43.791000
MAG,0 days 00:01:41.376000,0 days 00:00:27.023000,0 days 00:00:30.589000,0 days 00:00:43.764000
MAG,0 days 00:01:41.879000,0 days 00:00:27.093000,0 days 00:00:30.799000,0 days 00:00:43.987000
MAG,0 days 00:01:42.059000,0 days 00:00:27.171000,0 days 00:00:30.844000,0 days 00:00:44.044000
MAG,0 days 00:01:44.013000,0 days 00:00:27.502000,0 days 00:00:31.946000,0 days 00:00:44.565000
MAG,0 days 00:01:42.863000,0 days 00:00:27.279000,0 days 00:00:31.376000,0 days 00:00:44.208000
MAG,0 days 00:01:42.864000,0 days 00:00:27.328000,0 days 00:00:31.119000,0 days 00:00:44.417000
MAG,0 days 00:01:42.870000,0 days 00:00:27.454000,0 days 00:00:31.186000,0 days 00:00:44.230000
TSU,0 days 00:01:43.674000,0 days 00:00:27.489000,0 days 00:00:31.573000,0 days 00:00:44.612000
TSU,0 days 00:01:43.136000,0 days 00:00:27.279000,0 days 00:00:31.380000,0 days 00:00:44.477000
TSU,0 days 00:01:43.095000,0 days 00:00:27.329000,0 days 00:00:31.304000,0 days 00:00:44.462000
TSU,0 days 00:01:43.657000,0 days 00:00:27.539000,0 days 00:00:31.589000,0 days 00:00:44.529000
TSU,0 days 00:01:43.669000,0 days 00:00:27.431000,0 days 00:00:31.581000,0 days 00:00:44.657000
TSU,0 days 00:01:43.951000,0 days 00:00:27.667000,0 days 00:00:31.349000,0 days 00:00:44.935000
TSU,0 days 00:01:48.430000,0 days 00:00:27.732000,0 days 00:00:31.342000,0 days 00:00:49.356000
TSU,0 days 00:01:59.845000,0 days 00:00:46.224000,0 days 00:00:30.167000,0 days 00:00:43.454000
TSU,0 days 00:01:42.171000,0 days 00:00:27.086000,0 days 00:00:30.779000,0 days 00:00:44.306000
TSU,0 days 00:01:41.593000,0 days 00:00:27.019000,0 days 00:00:30.593000,0 days 00:00:43.981000
TSU,0 days 00:01:42.304000,0 days 00:00:27.316000,0 days 00:00:30.820000,0 days 00:00:44.168000
TSU,0 days 00:01:43.531000,0 days 00:00:27.814000,0 days 00:00:31.534000,0 days 00:00:44.183000
TSU,0 days 00:01:42.510000,0 days 00:00:27.415000,0 days 00:00:30.854000,0 days 00:00:44.241000
TSU,0 days 00:01:42.294000,0 days 00:00:27.269000,0 days 00:00:30.764000,0 days 00:00:44.261000
TSU,0 days 00:01:42.528000,0 days 00:00:27.228000,0 days 00:00:30.803000,0 days 00:00:44.497000
TSU,0 days 00:01:42.441000,0 days 00:00:27.284000,0 days 00:00:30.952000,0 days 00:00:44.205000
TSU,0 days 00:01:42.628000,0 days 00:00:27.376000,0 days 00:00:30.911000,0 days 00:00:44.341000
TSU,0 days 00:01:43.224000,0 days 00:00:27.279000,0 days 00:00:30.950000,0 days 00:00:44.995000
TSU,0 days 00:01:43.174000,0 days 00:00:27.555000,0 days 00:00:31.071000,0 days 00:00:44.548000
TSU,0 days 00:01:59.830000,0 days 00:00:27.455000,0 days 00:00:35.901000,0 days 00:00:56.474000
TSU,0 days 00:02:13.790000,0 days 00:00:35.893000,0 days 00:00:40.501000,0 days 00:00:57.396000
TSU,0 days 00:02:17.702000,0 days 00:00:35.887000,0 days 00:00:39.920000,0 days 00:01:01.895000
TSU,0 days 00:02:29.433000,0 days 00:00:54.440000,0 days 00:00:35.772000,0 days 00:00:59.221000
TSU,0 days 00:01:54.270000,0 days 00:00:28.391000,0 days 00:00:33.352000,0 days 00:00:52.527000
TSU,0 days 00:02:23.710000,0 days 00:00:34.749000,0 days 00:00:41.780000,0 days 00:01:07.181000
ALB,0 days 00:01:43.157000,0 days 00:00:27.453000,0 days 00:00:31.498000,0 days 00:00:44.206000
ALB,0 days 00:01:43.014000,0 days 00:00:27.257000,0 days 00:00:31.399000,0 days 00:00:44.358000
ALB,0 days 00:01:42.975000,0 days 00:00:27.274000,0 days 00:00:31.240000,0 days 00:00:44.461000
ALB,0 days 00:01:43.392000,0 days 00:00:27.334000,0 days 00:00:31.420000,0 days 00:00:44.638000
ALB,0 days 00:01:43.353000,0 days 00:00:27.518000,0 days 00:00:31.276000,0 days 00:00:44.559000
ALB,0 days 00:01:43.361000,0 days 00:00:27.681000,0 days 00:00:31.189000,0 days 00:00:44.491000
ALB,0 days 00:01:43.991000,0 days 00:00:27.722000,0 days 00:00:31.602000,0 days 00:00:44.667000
ALB,0 days 00:01:48.371000,0 days 00:00:27.426000,0 days 00:00:31.509000,0 days 00:00:49.436000
ALB,0 days 00:02:01.494000,0 days 00:00:46.350000,0 days 00:00:31.237000,0 days 00:00:43.907000
ALB,0 days 00:01:42.937000,0 days 00:00:27.044000,0 days 00:00:31.735000,0 days 00:00:44.158000
ALB,0 days 00:01:42.151000,0 days 00:00:27.062000,0 days 00:00:31.044000,0 days 00:00:44.045000
ALB,0 days 00:01:42.608000,0 days 00:00:27.474000,0 days 00:00:31.239000,0 days 00:00:43.895000
ALB,0 days 00:01:43.274000,0 days 00:00:27.494000,0 days 00:00:31.455000,0 days 00:00:44.325000
ALB,0 days 00:01:42.762000,0 days 00:00:27.388000,0 days 00:00:31.102000,0 days 00:00:44.272000
ALB,0 days 00:01:42.611000,0 days 00:00:27.301000,0 days 00:00:31.112000,0 days 00:00:44.198000
ALB,0 days 00:01:43.118000,0 days 00:00:27.312000,0 days 00:00:31.042000,0 days 00:00:44.764000
ALB,0 days 00:01:43.004000,0 days 00:00:27.376000,0 days 00:00:31.239000,0 days 00:00:44.389000
ALB,0 days 00:01:43.187000,0 days 00:00:27.446000,0 days 00:00:31.211000,0 days 00:00:44.530000
ALB,0 days 00:01:43.186000,0 days 00:00:27.408000,0 days 00:00:31.078000,0 days 00:00:44.700000
ALB,0 days 00:02:00.728000,0 days 00:00:27.295000,0 days 00:00:37.086000,0 days 00:00:56.347000
ALB,0 days 00:02:13.878000,0 days 00:00:35.314000,0 days 00:00:41.832000,0 days 00:00:56.732000
ALB,0 days 00:02:16.590000,0 days 00:00:35.697000,0 days 00:00:39.673000,0 days 00:01:01.220000
ALB,0 days 00:02:29.799000,0 days 00:00:54.658000,0 days 00:00:38.275000,0 days 00:00:56.866000
ALB,0 days 00:01:51.954000,0 days 00:00:29.244000,0 days 00:00:32.549000,0 days 00:00:50.161000
ALB,0 days 00:02:23.336000,0 days 00:00:35.410000,0 days 00:00:41.182000,0 days 00:01:06.744000
ALB,0 days 00:01:56.850000,0 days 00:00:27.270000,0 days 00:00:31.751000,0 days 00:00:57.829000
ALB,0 days 00:02:26.979000,0 days 00:00:32.489000,0 days 00:00:50.650000,0 days 00:01:03.840000
ALB,0 days 00:02:24.784000,0 days 00:00:39.902000,0 days 00:00:46.594000,0 days 00:00:58.288000
ALB,0 days 00:02:21.349000,0 days 00:00:37.338000,0 days 00:00:44.891000,0 days 00:00:59.120000
ALB,0 days 00:02:22.128000,0 days 00:00:36.052000,0 days 00:00:44.173000,0 days 00:01:01.903000
ALB,0 days 00:01:42.221000,0 days 00:00:27.078000,0 days 00:00:30.724000,0 days 00:00:44.419000
ALB,0 days 00:01:41.269000,0 days 00:00:27.015000,0 days 00:00:30.277000,0 days 00:00:43.977000
ALB,0 days 00:01:40.790000,0 days 00:00:26.852000,0 days 00:00:30.411000,0 days 00:00:43.527000
ALB,0 days 00:01:41.335000,0 days 00:00:26.914000,0 days 00:00:30.611000,0 days 00:00:43.810000
ALB,0 days 00:01:41.380000,0 days 00:00:26.941000,0 days 00:00:30.561000,0 days 00:00:43.878000
ALB,0 days 00:01:41.261000,0 days 00:00:26.977000,0 days 00:00:30.515000,0 days 00:00:43.769000
ALB,0 days 00:01:41.088000,0 days 00:00:26.938000,0 days 00:00:30.473000,0 days 00:00:43.677000
ALB,0 days 00:01:41.341000,0 days 00:00:27.081000,0 days 00:00:30.520000,0 days 00:00:43.740000
ALB,0 days 00:01:41.672000,0 days 00:00:27.103000,0 days 00:00:30.620000,0 days 00:00:43.949000
ALB,0 days 00:01:41.755000,0 days 00:00:27.126000,0 days 00:00:30.686000,0 days 00:00:43.943000
ALB,0 days 00:01:41.558000,0 days 00:00:27.029000,0 days 00:00:30.617000,0 days 00:00:43.912000
ALB,0 days 00:01:41.423000,0 days 00:00:27.087000,0 days 00:00:30.483000,0 days 00:00:43.853000
ALB,0 days 00:01:41.504000,0 days 00:00:27.135000,0 days 00:00:30.532000,0 days 00:00:43.837000
ALB,0 days 00:01:41.660000,0 days 00:00:27.005000,0 days 00:00:30.493000,0 days 00:00:44.162000
ALB,0 days 00:01:41.776000,0 days 00:00:27.014000,0 days 00:00:30.562000,0 days 00:00:44.200000
ALB,0 days 00:01:41.584000,0 days 00:00:27.136000,0 days 00:00:30.523000,0 days 00:00:43.925000
ALB,0 days 00:01:41.509000,0 days 00:00:27.065000,0 days 00:00:30.480000,0 days 00:00:43.964000
ALB,0 days 00:01:41.404000,0 days 00:00:27.098000,0 days 00:00:30.395000,0 days 00:00:43.911000
ALB,0 days 00:01:41.438000,0 days 00:00:27.096000,0 days 00:00:30.602000,0 days 00:00:43.740000
ALB,0 days 00:01:41.437000,0 days 00:00:26.910000,0 days 00:00:30.641000,0 days 00:00:43.886000
ALB,0 days 00:01:41.670000,0 days 00:00:27.085000,0 days 00:00:30.654000,0 days 00:00:43.931000
ALB,0 days 00:01:41.354000,0 days 00:00:26.995000,0 days 00:00:30.437000,0 days 00:00:43.922000
ALB,0 days 00:01:42.424000,0 days 00:00:27.029000,0 days 00:00:31.435000,0 days 00:00:43.960000
ALB,0 days 00:01:41.998000,0 days 00:00:27.094000,0 days 00:00:30.763000,0 days 00:00:44.141000
ALB,0 days 00:01:41.524000,0 days 00:00:26.980000,0 days 00:00:30.539000,0 days 00:00:44.005000
ZHO,0 days 00:01:44.398000,0 days 00:00:28.069000,0 days 00:00:31.714000,0 days 00:00:44.615000
ZHO,0 days 00:01:43.991000,0 days 00:00:27.896000,0 days 00:00:31.875000,0 days 00:00:44.220000
ZHO,0 days 00:01:43.484000,0 days 00:00:27.403000,0 days 00:00:31.383000,0 days 00:00:44.698000
ZHO,0 days 00:01:44.018000,0 days 00:00:27.700000,0 days 00:00:31.619000,0 days 00:00:44.699000
ZHO,0 days 00:01:44.212000,0 days 00:00:27.719000,0 days 00:00:31.729000,0 days 00:00:44.764000
ZHO,0 days 00:01:44.073000,0 days 00:00:27.488000,0 days 00:00:31.649000,0 days 00:00:44.936000
ZHO,0 days 00:01:49.478000,0 days 00:00:27.849000,0 days 00:00:31.586000,0 days 00:00:50.043000
ZHO,0 days 00:02:01.214000,0 days 00:00:46.945000,0 days 00:00:30.538000,0 days 00:00:43.731000
ZHO,0 days 00:01:41.765000,0 days 00:00:27.052000,0 days 00:00:30.542000,0 days 00:00:44.171000
ZHO,0 days 00:01:41.833000,0 days 00:00:27.344000,0 days 00:00:30.560000,0 days 00:00:43.929000
ZHO,0 days 00:01:41.928000,0 days 00:00:27.403000,0 days 00:00:30.574000,0 days 00:00:43.951000
ZHO,0 days 00:01:42.212000,0 days 00:00:27.372000,0 days 00:00:30.808000,0 days 00:00:44.032000
ZHO,0 days 00:01:42.626000,0 days 00:00:27.602000,0 days 00:00:30.848000,0 days 00:00:44.176000
ZHO,0 days 00:01:42.994000,0 days 00:00:27.530000,0 days 00:00:30.741000,0 days 00:00:44.723000
ZHO,0 days 00:01:43.240000,0 days 00:00:27.931000,0 days 00:00:30.956000,0 days 00:00:44.353000
ZHO,0 days 00:01:43.189000,0 days 00:00:27.646000,0 days 00:00:30.817000,0 days 00:00:44.726000
ZHO,0 days 00:01:42.887000,0 days 00:00:27.540000,0 days 00:00:30.831000,0 days 00:00:44.516000
ZHO,0 days 00:01:42.827000,0 days 00:00:27.525000,0 days 00:00:30.890000,0 days 00:00:44.412000
ZHO,0 days 00:01:43.170000,0 days 00:00:27.588000,0 days 00:00:30.866000,0 days 00:00:44.716000
ZHO,0 days 00:02:01.981000,0 days 00:00:27.673000,0 days 00:00:36.381000,0 days 00:00:57.927000
ZHO,0 days 00:02:13.883000,0 days 00:00:35.522000,0 days 00:00:40.106000,0 days 00:00:58.255000
ZHO,0 days 00:02:17.614000,0 days 00:00:36.093000,0 days 00:00:39.389000,0 days 00:01:02.132000
ZHO,0 days 00:01:49.955000,0 days 00:00:29.479000,0 days 00:00:32.018000,0 days 00:00:48.458000
ZHO,0 days 00:02:18.497000,0 days 00:00:32.788000,0 days 00:00:41.237000,0 days 00:01:04.472000
ZHO,0 days 00:01:58.405000,0 days 00:00:27.551000,0 days 00:00:31.801000,0 days 00:00:59.053000
ZHO,0 days 00:02:27.061000,0 days 00:00:32.404000,0 days 00:00:51.246000,0 days 00:01:03.411000
ZHO,0 days 00:02:26.076000,0 days 00:00:39.705000,0 days 00:00:45.966000,0 days 00:01:00.405000
ZHO,0 days 00:02:21.354000,0 days 00:00:35.867000,0 days 00:00:44.780000,0 days 00:01:00.707000
ZHO,0 days 00:02:19.420000,0 days 00:00:34.471000,0 days 00:00:44.324000,0 days 00:01:00.625000
ZHO,0 days 00:01:42.002000,0 days 00:00:27.006000,0 days 00:00:30.604000,0 days 00:00:44.392000
ZHO,0 days 00:01:42.746000,0 days 00:00:27.367000,0 days 00:00:31.265000,0 days 00:00:44.114000
ZHO,0 days 00:01:41.720000,0 days 00:00:27.131000,0 days 00:00:30.748000,0 days 00:00:43.841000
ZHO,0 days 00:01:41.366000,0 days 00:00:27.059000,0 days 00:00:30.561000,0 days 00:00:43.746000
ZHO,0 days 00:01:41.283000,0 days 00:00:26.713000,0 days 00:00:30.655000,0 days 00:00:43.915000
ZHO,0 days 00:01:41.738000,0 days 00:00:26.919000,0 days 00:00:30.947000,0 days 00:00:43.872000
ZHO,0 days 00:01:41.311000,0 days 00:00:26.890000,0 days 00:00:30.766000,0 days 00:00:43.655000
ZHO,0 days 00:01:41.749000,0 days 00:00:27.327000,0 days 00:00:30.455000,0 days 00:00:43.967000
ZHO,0 days 00:01:46.271000,0 days 00:00:27.157000,0 days 00:00:30.470000,0 days 00:00:48.644000
ZHO,0 days 00:01:58.828000,0 days 00:00:46.142000,0 days 00:00:29.643000,0 days 00:00:43.043000
ZHO,0 days 00:01:38.633000,0 days 00:00:26.215000,0 days 00:00:29.445000,0 days 00:00:42.973000
ZHO,0 days 00:01:39.320000,0 days 00:00:26.501000,0 days 00:00:29.723000,0 days 00:00:43.096000
ZHO,0 days 00:01:39.682000,0 days 00:00:26.646000,0 days 00:00:29.896000,0 days 00:00:43.140000
ZHO,0 days 00:01:39.553000,0 days 00:00:26.604000,0 days 00:00:29.852000,0 days 00:00:43.097000
ZHO,0 days 00:01:39.636000,0 days 00:00:26.686000,0 days 00:00:29.719000,0 days 00:00:43.231000
ZHO,0 days 00:01:40.046000,0 days 00:00:26.838000,0 days 00:00:29.975000,0 days 00:00:43.233000
ZHO,0 days 00:01:40.391000,0 days 00:00:26.801000,0 days 00:00:30.024000,0 days 00:00:43.566000
ZHO,0 days 00:01:41.502000,0 days 00:00:27.223000,0 days 00:00:30.715000,0 days 00:00:43.564000
ZHO,0 days 00:01:40.534000,0 days 00:00:26.795000,0 days 00:00:30.324000,0 days 00:00:43.415000
ZHO,0 days 00:01:40.179000,0 days 00:00:26.761000,0 days 00:00:30.076000,0 days 00:00:43.342000
ZHO,0 days 00:01:40.542000,0 days 00:00:26.876000,0 days 00:00:30.196000,0 days 00:00:43.470000
ZHO,0 days 00:01:41.049000,0 days 00:00:27.047000,0 days 00:00:30.433000,0 days 00:00:43.569000
ZHO,0 days 00:01:41.258000,0 days 00:00:27.125000,0 days 00:00:30.459000,0 days 00:00:43.674000
ZHO,0 days 00:01:40.785000,0 days 00:00:26.951000,0 days 00:00:30.360000,0 days 00:00:43.474000
ZHO,0 days 00:01:41.192000,0 days 00:00:26.947000,0 days 00:00:30.450000,0 days 00:00:43.795000
HUL,0 days 00:01:43.687000,0 days 00:00:27.830000,0 days 00:00:31.712000,0 days 00:00:44.145000
HUL,0 days 00:01:42.347000,0 days 00:00:26.950000,0 days 00:00:31.368000,0 days 00:00:44.029000
HUL,0 days 00:01:42.824000,0 days 00:00:27.144000,0 days 00:00:31.419000,0 days 00:00:44.261000
HUL,0 days 00:01:43.331000,0 days 00:00:27.245000,0 days 00:00:31.627000,0 days 00:00:44.459000
HUL,0 days 00:01:43.384000,0 days 00:00:27.468000,0 days 00:00:31.525000,0 days 00:00:44.391000
HUL,0 days 00:01:44.061000,0 days 00:00:27.553000,0 days 00:00:31.328000,0 days 00:00:45.180000
HUL,0 days 00:01:49.064000,0 days 00:00:27.740000,0 days 00:00:31.788000,0 days 00:00:49.536000
HUL,0 days 00:01:59.939000,0 days 00:00:45.820000,0 days 00:00:30.578000,0 days 00:00:43.541000
HUL,0 days 00:01:41.429000,0 days 00:00:26.855000,0 days 00:00:30.843000,0 days 00:00:43.731000
HUL,0 days 00:01:41.420000,0 days 00:00:26.861000,0 days 00:00:30.684000,0 days 00:00:43.875000
HUL,0 days 00:01:41.821000,0 days 00:00:26.987000,0 days 00:00:31.092000,0 days 00:00:43.742000
HUL,0 days 00:01:42.061000,0 days 00:00:27.103000,0 days 00:00:31.037000,0 days 00:00:43.921000
HUL,0 days 00:01:42.123000,0 days 00:00:27.017000,0 days 00:00:31.096000,0 days 00:00:44.010000
HUL,0 days 00:01:42.408000,0 days 00:00:27.139000,0 days 00:00:31.177000,0 days 00:00:44.092000
HUL,0 days 00:01:42.500000,0 days 00:00:27.221000,0 days 00:00:31.060000,0 days 00:00:44.219000
HUL,0 days 00:01:41.955000,0 days 00:00:26.986000,0 days 00:00:30.880000,0 days 00:00:44.089000
HUL,0 days 00:01:43.019000,0 days 00:00:27.155000,0 days 00:00:31.138000,0 days 00:00:44.726000
HUL,0 days 00:01:42.465000,0 days 00:00:27.069000,0 days 00:00:31.157000,0 days 00:00:44.239000
HUL,0 days 00:01:42.187000,0 days 00:00:27.230000,0 days 00:00:30.890000,0 days 00:00:44.067000
HUL,0 days 00:01:57.611000,0 days 00:00:27.135000,0 days 00:00:31.030000,0 days 00:00:59.446000
HUL,0 days 00:02:12.713000,0 days 00:00:34.306000,0 days 00:00:41.832000,0 days 00:00:56.575000
HUL,0 days 00:02:17.671000,0 days 00:00:35.274000,0 days 00:00:40.667000,0 days 00:01:01.730000
HUL,0 days 00:01:59.529000,0 days 00:00:29.042000,0 days 00:00:33.364000,0 days 00:00:57.123000
HUL,0 days 00:02:27.733000,0 days 00:00:34.743000,0 days 00:00:43.102000,0 days 00:01:09.888000
HUL,0 days 00:01:54.261000,0 days 00:00:26.714000,0 days 00:00:30.602000,0 days 00:00:56.945000
HUL,0 days 00:02:29.564000,0 days 00:00:32.847000,0 days 00:00:52.321000,0 days 00:01:04.396000
HUL,0 days 00:02:25.148000,0 days 00:00:39.276000,0 days 00:00:46.727000,0 days 00:00:59.145000
HUL,0 days 00:02:21.361000,0 days 00:00:37.023000,0 days 00:00:44.415000,0 days 00:00:59.923000
HUL,0 days 00:02:23.141000,0 days 00:00:35.190000,0 days 00:00:43.945000,0 days 00:01:04.006000
HUL,0 days 00:01:40.815000,0 days 00:00:26.767000,0 days 00:00:30.449000,0 days 00:00:43.599000
HUL,0 days 00:01:40.879000,0 days 00:00:26.718000,0 days 00:00:30.635000,0 days 00:00:43.526000
HUL,0 days 00:01:40.864000,0 days 00:00:26.750000,0 days 00:00:30.542000,0 days 00:00:43.572000
HUL,0 days 00:01:41.035000,0 days 00:00:26.861000,0 days 00:00:30.484000,0 days 00:00:43.690000
HUL,0 days 00:01:41.223000,0 days 00:00:26.823000,0 days 00:00:30.530000,0 days 00:00:43.870000
HUL,0 days 00:01:41.127000,0 days 00:00:26.802000,0 days 00:00:30.615000,0 days 00:00:43.710000
HUL,0 days 00:01:40.998000,0 days 00:00:26.742000,0 days 00:00:30.516000,0 days 00:00:43.740000
HUL,0 days 00:01:41.268000,0 days 00:00:26.909000,0 days 00:00:30.656000,0 days 00:00:43.703000
HUL,0 days 00:01:41.593000,0 days 00:00:26.960000,0 days 00:00:30.722000,0 days 00:00:43.911000
HUL,0 days 00:01:42.174000,0 days 00:00:26.931000,0 days 00:00:31.363000,0 days 00:00:43.880000
HUL,0 days 00:01:41.672000,0 days 00:00:27.018000,0 days 00:00:30.896000,0 days 00:00:43.758000
HUL,0 days 00:01:41.373000,0 days 00:00:26.997000,0 days 00:00:30.578000,0 days 00:00:43.798000
HUL,0 days 00:01:41.346000,0 days 00:00:26.967000,0 days 00:00:30.597000,0 days 00:00:43.782000
HUL,0 days 00:01:41.234000,0 days 00:00:26.897000,0 days 00:00:30.609000,0 days 00:00:43.728000
HUL,0 days 00:01:41.518000,0 days 00:00:27.055000,0 days 00:00:30.620000,0 days 00:00:43.843000
HUL,0 days 00:01:41.998000,0 days 00:00:27.031000,0 days 00:00:30.633000,0 days 00:00:44.334000
HUL,0 days 00:01:41.196000,0 days 00:00:26.807000,0 days 00:00:30.630000,0 days 00:00:43.759000
HUL,0 days 00:01:41.241000,0 days 00:00:27.042000,0 days 00:00:30.539000,0 days 00:00:43.660000
HUL,0 days 00:01:41.331000,0 days 00:00:27.022000,0 days 00:00:30.596000,0 days 00:00:43.713000
HUL,0 days 00:01:41.549000,0 days 00:00:27.039000,0 days 00:00:30.687000,0 days 00:00:43.823000
HUL,0 days 00:01:41.625000,0 days 00:00:27.015000,0 days 00:00:30.763000,0 days 00:00:43.847000
HUL,0 days 00:01:41.543000,0 days 00:00:27.085000,0 days 00:00:30.678000,0 days 00:00:43.780000
HUL,0 days 00:01:41.646000,0 days 00:00:27.140000,0 days 00:00:30.712000,0 days 00:00:43.794000
HUL,0 days 00:01:41.705000,0 days 00:00:27.092000,0 days 00:00:30.715000,0 days 00:00:43.898000
HUL,0 days 00:01:41.904000,0 days 00:00:27.164000,0 days 00:00:30.807000,0 days 00:00:43.933000
RIC,0 days 00:01:43.470000,0 days 00:00:27.587000,0 days 00:00:31.455000,0 days 00:00:44.428000
RIC,0 days 00:01:43.073000,0 days 00:00:27.047000,0 days 00:00:31.569000,0 days 00:00:44.457000
RIC,0 days 00:01:42.976000,0 days 00:00:27.253000,0 days 00:00:31.383000,0 days 00:00:44.340000
RIC,0 days 00:01:43.449000,0 days 00:00:27.483000,0 days 00:00:31.532000,0 days 00:00:44.434000
RIC,0 days 00:01:43.613000,0 days 00:00:27.519000,0 days 00:00:31.527000,0 days 00:00:44.567000
RIC,0 days 00:01:43.798000,0 days 00:00:27.670000,0 days 00:00:31.366000,0 days 00:00:44.762000
RIC,0 days 00:01:43.843000,0 days 00:00:27.696000,0 days 00:00:31.337000,0 days 00:00:44.810000
RIC,0 days 00:01:43.605000,0 days 00:00:27.551000,0 days 00:00:31.371000,0 days 00:00:44.683000
RIC,0 days 00:01:43.309000,0 days 00:00:27.532000,0 days 00:00:31.168000,0 days 00:00:44.609000
RIC,0 days 00:01:43.487000,0 days 00:00:27.366000,0 days 00:00:31.505000,0 days 00:00:44.616000
RIC,0 days 00:01:43.115000,0 days 00:00:27.577000,0 days 00:00:31.201000,0 days 00:00:44.337000
RIC,0 days 00:01:43.016000,0 days 00:00:27.628000,0 days 00:00:31.199000,0 days 00:00:44.189000
RIC,0 days 00:01:47.802000,0 days 00:00:27.652000,0 days 00:00:31.137000,0 days 00:00:49.013000
RIC,0 days 00:02:00.257000,0 days 00:00:45.802000,0 days 00:00:30.413000,0 days 00:00:44.042000
RIC,0 days 00:01:40.994000,0 days 00:00:26.682000,0 days 00:00:30.497000,0 days 00:00:43.815000
RIC,0 days 00:01:41.077000,0 days 00:00:26.947000,0 days 00:00:30.664000,0 days 00:00:43.466000
RIC,0 days 00:01:41.542000,0 days 00:00:27.188000,0 days 00:00:30.487000,0 days 00:00:43.867000
RIC,0 days 00:01:41.955000,0 days 00:00:27.157000,0 days 00:00:31.044000,0 days 00:00:43.754000
RIC,0 days 00:01:41.817000,0 days 00:00:27.248000,0 days 00:00:30.495000,0 days 00:00:44.074000
RIC,0 days 00:01:59.371000,0 days 00:00:26.953000,0 days 00:00:34.798000,0 days 00:00:57.620000
RIC,0 days 00:02:14.125000,0 days 00:00:35.429000,0 days 00:00:40.777000,0 days 00:00:57.919000
RIC,0 days 00:02:12.827000,0 days 00:00:35.679000,0 days 00:00:39.400000,0 days 00:00:57.748000
RIC,0 days 00:02:12.652000,0 days 00:00:36.646000,0 days 00:00:40.163000,0 days 00:00:55.843000
RIC,0 days 00:02:08.183000,0 days 00:00:30.561000,0 days 00:00:39.020000,0 days 00:00:58.602000
RIC,0 days 00:01:54.803000,0 days 00:00:27.471000,0 days 00:00:30.614000,0 days 00:00:56.718000
RIC,0 days 00:02:26.589000,0 days 00:00:30.940000,0 days 00:00:50.989000,0 days 00:01:04.660000
RIC,0 days 00:02:25.366000,0 days 00:00:39.912000,0 days 00:00:46.527000,0 days 00:00:58.927000
RIC,0 days 00:02:21.054000,0 days 00:00:36.799000,0 days 00:00:44.410000,0 days 00:00:59.845000
RIC,0 days 00:02:23.797000,0 days 00:00:35.265000,0 days 00:00:44.231000,0 days 00:01:04.301000
RIC,0 days 00:01:44.075000,0 days 00:00:27.245000,0 days 00:00:31.834000,0 days 00:00:44.996000
RIC,0 days 00:01:55.415000,0 days 00:00:27.826000,0 days 00:00:31.104000,0 days 00:00:56.485000
OCO,0 days 00:01:43.022000,0 days 00:00:27.727000,0 days 00:00:30.952000,0 days 00:00:44.343000
OCO,0 days 00:01:42.807000,0 days 00:00:27.250000,0 days 00:00:31.315000,0 days 00:00:44.242000
OCO,0 days 00:01:43.002000,0 days 00:00:27.228000,0 days 00:00:31.186000,0 days 00:00:44.588000
OCO,0 days 00:01:43.105000,0 days 00:00:27.270000,0 days 00:00:31.336000,0 days 00:00:44.499000
OCO,0 days 00:01:43.212000,0 days 00:00:27.330000,0 days 00:00:31.387000,0 days 00:00:44.495000
OCO,0 days 00:01:43.549000,0 days 00:00:27.503000,0 days 00:00:31.450000,0 days 00:00:44.596000
OCO,0 days 00:01:44.045000,0 days 00:00:27.521000,0 days 00:00:31.763000,0 days 00:00:44.761000
OCO,0 days 00:01:48.290000,0 days 00:00:27.150000,0 days 00:00:31.150000,0 days 00:00:49.990000
OCO,0 days 00:02:00.652000,0 days 00:00:46.251000,0 days 00:00:30.427000,0 days 00:00:43.974000
OCO,0 days 00:01:41.472000,0 days 00:00:26.867000,0 days 00:00:30.508000,0 days 00:00:44.097000
OCO,0 days 00:01:41.793000,0 days 00:00:27.224000,0 days 00:00:30.561000,0 days 00:00:44.008000
OCO,0 days 00:01:42.193000,0 days 00:00:27.207000,0 days 00:00:30.859000,0 days 00:00:44.127000
OCO,0 days 00:01:42.112000,0 days 00:00:27.255000,0 days 00:00:30.815000,0 days 00:00:44.042000
OCO,0 days 00:01:42.357000,0 days 00:00:27.368000,0 days 00:00:30.759000,0 days 00:00:44.230000
OCO,0 days 00:01:42.443000,0 days 00:00:27.243000,0 days 00:00:30.738000,0 days 00:00:44.462000
OCO,0 days 00:01:42.550000,0 days 00:00:27.267000,0 days 00:00:30.705000,0 days 00:00:44.578000
OCO,0 days 00:01:42.486000,0 days 00:00:27.338000,0 days 00:00:30.703000,0 days 00:00:44.445000
OCO,0 days 00:01:42.544000,0 days 00:00:27.397000,0 days 00:00:30.700000,0 days 00:00:44.447000
OCO,0 days 00:01:42.599000,0 days 00:00:27.330000,0 days 00:00:30.683000,0 days 00:00:44.586000
OCO,0 days 00:01:57.545000,0 days 00:00:27.289000,0 days 00:00:31.427000,0 days 00:00:58.829000
OCO,0 days 00:02:15.159000,0 days 00:00:36.276000,0 days 00:00:41.587000,0 days 00:00:57.296000
OCO,0 days 00:02:17.613000,0 days 00:00:35.058000,0 days 00:00:40.399000,0 days 00:01:02.156000
OCO,0 days 00:02:28.655000,0 days 00:00:54.763000,0 days 00:00:38.369000,0 days 00:00:55.523000
OCO,0 days 00:01:56.221000,0 days 00:00:26.849000,0 days 00:00:31.651000,0 days 00:00:57.721000
OCO,0 days 00:02:27.921000,0 days 00:00:34.696000,0 days 00:00:42.648000,0 days 00:01:10.577000
OCO,0 days 00:01:56.712000,0 days 00:00:27.499000,0 days 00:00:31.212000,0 days 00:00:58.001000
OCO,0 days 00:02:27.622000,0 days 00:00:32.276000,0 days 00:00:51.266000,0 days 00:01:04.080000
OCO,0 days 00:02:24.917000,0 days 00:00:39.620000,0 days 00:00:46.679000,0 days 00:00:58.618000
OCO,0 days 00:02:21.322000,0 days 00:00:37.308000,0 days 00:00:44.977000,0 days 00:00:59.037000
OCO,0 days 00:02:22.345000,0 days 00:00:35.999000,0 days 00:00:44.441000,0 days 00:01:01.905000
OCO,0 days 00:01:41.902000,0 days 00:00:26.904000,0 days 00:00:30.937000,0 days 00:00:44.061000
OCO,0 days 00:01:40.937000,0 days 00:00:26.841000,0 days 00:00:30.139000,0 days 00:00:43.957000
OCO,0 days 00:01:40.972000,0 days 00:00:26.909000,0 days 00:00:30.284000,0 days 00:00:43.779000
OCO,0 days 00:01:41.009000,0 days 00:00:26.806000,0 days 00:00:30.340000,0 days 00:00:43.863000
OCO,0 days 00:01:41.194000,0 days 00:00:27.012000,0 days 00:00:30.386000,0 days 00:00:43.796000
OCO,0 days 00:01:41.361000,0 days 00:00:27.147000,0 days 00:00:30.394000,0 days 00:00:43.820000
OCO,0 days 00:01:41.131000,0 days 00:00:27.017000,0 days 00:00:30.303000,0 days 00:00:43.811000
OCO,0 days 00:01:41.313000,0 days 00:00:27.103000,0 days 00:00:30.393000,0 days 00:00:43.817000
OCO,0 days 00:01:41.592000,0 days 00:00:27.062000,0 days 00:00:30.528000,0 days 00:00:44.002000
OCO,0 days 00:01:41.653000,0 days 00:00:27.133000,0 days 00:00:30.517000,0 days 00:00:44.003000
OCO,0 days 00:01:41.515000,0 days 00:00:26.965000,0 days 00:00:30.541000,0 days 00:00:44.009000
OCO,0 days 00:01:41.535000,0 days 00:00:27.081000,0 days 00:00:30.398000,0 days 00:00:44.056000
OCO,0 days 00:01:41.240000,0 days 00:00:27.029000,0 days 00:00:30.325000,0 days 00:00:43.886000
OCO,0 days 00:01:41.423000,0 days 00:00:27.049000,0 days 00:00:30.418000,0 days 00:00:43.956000
OCO,0 days 00:01:42.084000,0 days 00:00:27.082000,0 days 00:00:31.055000,0 days 00:00:43.947000
OCO,0 days 00:01:41.743000,0 days 00:00:27.150000,0 days 00:00:30.446000,0 days 00:00:44.147000
OCO,0 days 00:01:41.301000,0 days 00:00:26.945000,0 days 00:00:30.304000,0 days 00:00:44.052000
OCO,0 days 00:01:41.297000,0 days 00:00:26.952000,0 days 00:00:30.342000,0 days 00:00:44.003000
OCO,0 days 00:01:41.567000,0 days 00:00:26.962000,0 days 00:00:30.524000,0 days 00:00:44.081000
OCO,0 days 00:01:41.477000,0 days 00:00:26.927000,0 days 00:00:30.452000,0 days 00:00:44.098000
OCO,0 days 00:01:41.559000,0 days 00:00:26.953000,0 days 00:00:30.616000,0 days 00:00:43.990000
OCO,0 days 00:01:41.652000,0 days 00:00:27.039000,0 days 00:00:30.563000,0 days 00:00:44.050000
OCO,0 days 00:01:41.522000,0 days 00:00:26.963000,0 days 00:00:30.578000,0 days 00:00:43.981000
OCO,0 days 00:01:41.574000,0 days 00:00:26.940000,0 days 00:00:30.464000,0 days 00:00:44.170000
OCO,0 days 00:01:41.651000,0 days 00:00:27.090000,0 days 00:00:30.552000,0 days 00:00:44.009000
NOR,0 days 00:01:41.267000,0 days 00:00:26.911000,0 days 00:00:30.583000,0 days 00:00:43.773000
NOR,0 days 00:01:41.282000,0 days 00:00:26.859000,0 days 00:00:30.837000,0 days 00:00:43.586000
NOR,0 days 00:01:41.929000,0 days 00:00:27.067000,0 days 00:00:30.814000,0 days 00:00:44.048000
NOR,0 days 00:01:41.940000,0 days 00:00:27.170000,0 days 00:00:30.901000,0 days 00:00:43.869000
NOR,0 days 00:01:42.009000,0 days 00:00:27.086000,0 days 00:00:31.028000,0 days 00:00:43.895000
NOR,0 days 00:01:42.403000,0 days 00:00:27.022000,0 days 00:00:31.432000,0 days 00:00:43.949000
NOR,0 days 00:01:41.756000,0 days 00:00:27.141000,0 days 00:00:30.805000,0 days 00:00:43.810000
NOR,0 days 00:01:41.688000,0 days 00:00:27.142000,0 days 00:00:30.741000,0 days 00:00:43.805000
NOR,0 days 00:01:41.695000,0 days 00:00:27.120000,0 days 00:00:30.861000,0 days 00:00:43.714000
NOR,0 days 00:01:41.828000,0 days 00:00:27.163000,0 days 00:00:30.866000,0 days 00:00:43.799000
NOR,0 days 00:01:42.007000,0 days 00:00:27.266000,0 days 00:00:30.857000,0 days 00:00:43.884000
NOR,0 days 00:01:41.805000,0 days 00:00:27.251000,0 days 00:00:30.822000,0 days 00:00:43.732000
NOR,0 days 00:01:41.656000,0 days 00:00:27.225000,0 days 00:00:30.698000,0 days 00:00:43.733000
NOR,0 days 00:01:42.040000,0 days 00:00:27.341000,0 days 00:00:30.778000,0 days 00:00:43.921000
NOR,0 days 00:01:41.795000,0 days 00:00:27.205000,0 days 00:00:30.780000,0 days 00:00:43.810000
NOR,0 days 00:01:41.700000,0 days 00:00:27.132000,0 days 00:00:30.724000,0 days 00:00:43.844000
NOR,0 days 00:01:41.994000,0 days 00:00:27.352000,0 days 00:00:30.833000,0 days 00:00:43.809000
NOR,0 days 00:01:42.658000,0 days 00:00:27.345000,0 days 00:00:30.766000,0 days 00:00:44.547000
NOR,0 days 00:01:42.167000,0 days 00:00:27.181000,0 days 00:00:30.908000,0 days 00:00:44.078000
NOR,0 days 00:01:43.566000,0 days 00:00:27.457000,0 days 00:00:31.108000,0 days 00:00:45.001000
NOR,0 days 00:02:18.646000,0 days 00:00:37.234000,0 days 00:00:39.695000,0 days 00:01:01.717000
NOR,0 days 00:02:28.677000,0 days 00:00:50.866000,0 days 00:00:40.397000,0 days 00:00:57.414000
NOR,0 days 00:02:26.575000,0 days 00:00:35.701000,0 days 00:00:45.966000,0 days 00:01:04.908000
NOR,0 days 00:02:25.105000,0 days 00:00:37.817000,0 days 00:00:46.096000,0 days 00:01:01.192000
NOR,0 days 00:01:48.631000,0 days 00:00:26.449000,0 days 00:00:29.753000,0 days 00:00:52.429000
NOR,0 days 00:02:29.965000,0 days 00:00:34.087000,0 days 00:00:51.220000,0 days 00:01:04.658000
NOR,0 days 00:02:27.449000,0 days 00:00:40.381000,0 days 00:00:45.283000,0 days 00:01:01.785000
NOR,0 days 00:02:19.874000,0 days 00:00:35.481000,0 days 00:00:44.201000,0 days 00:01:00.192000
NOR,0 days 00:02:28.010000,0 days 00:00:34.900000,0 days 00:00:44.186000,0 days 00:01:08.924000
NOR,0 days 00:01:38.957000,0 days 00:00:26.404000,0 days 00:00:29.748000,0 days 00:00:42.805000
NOR,0 days 00:01:38.751000,0 days 00:00:26.281000,0 days 00:00:29.536000,0 days 00:00:42.934000
NOR,0 days 00:01:39.022000,0 days 00:00:26.441000,0 days 00:00:29.671000,0 days 00:00:42.910000
NOR,0 days 00:01:39.094000,0 days 00:00:26.534000,0 days 00:00:29.764000,0 days 00:00:42.796000
NOR,0 days 00:01:39.166000,0 days 00:00:26.484000,0 days 00:00:29.733000,0 days 00:00:42.949000
NOR,0 days 00:01:39.300000,0 days 00:00:26.467000,0 days 00:00:29.930000,0 days 00:00:42.903000
NOR,0 days 00:01:39.280000,0 days 00:00:26.523000,0 days 00:00:29.856000,0 days 00:00:42.901000
NOR,0 days 00:01:39.501000,0 days 00:00:26.579000,0 days 00:00:29.952000,0 days 00:00:42.970000
NOR,0 days 00:01:39.854000,0 days 00:00:26.660000,0 days 00:00:30.088000,0 days 00:00:43.106000
NOR,0 days 00:01:39.721000,0 days 00:00:26.620000,0 days 00:00:29.898000,0 days 00:00:43.203000
NOR,0 days 00:01:40.701000,0 days 00:00:26.593000,0 days 00:00:29.912000,0 days 00:00:44.196000
NOR,0 days 00:01:39.932000,0 days 00:00:26.832000,0 days 00:00:29.971000,0 days 00:00:43.129000
NOR,0 days 00:01:39.435000,0 days 00:00:26.601000,0 days 00:00:29.897000,0 days 00:00:42.937000
NOR,0 days 00:01:39.437000,0 days 00:00:26.598000,0 days 00:00:29.868000,0 days 00:00:42.971000
NOR,0 days 00:01:39.718000,0 days 00:00:26.651000,0 days 00:00:29.993000,0 days 00:00:43.074000
NOR,0 days 00:01:40.113000,0 days 00:00:26.743000,0 days 00:00:30.094000,0 days 00:00:43.276000
NOR,0 days 00:01:39.646000,0 days 00:00:26.612000,0 days 00:00:29.888000,0 days 00:00:43.146000
NOR,0 days 00:01:39.716000,0 days 00:00:26.684000,0 days 00:00:29.836000,0 days 00:00:43.196000
NOR,0 days 00:01:40.177000,0 days 00:00:26.911000,0 days 00:00:30.028000,0 days 00:00:43.238000
NOR,0 days 00:01:39.949000,0 days 00:00:26.621000,0 days 00:00:29.966000,0 days 00:00:43.362000
NOR,0 days 00:01:39.944000,0 days 00:00:26.698000,0 days 00:00:30.061000,0 days 00:00:43.185000
NOR,0 days 00:01:40.208000,0 days 00:00:26.643000,0 days 00:00:30.219000,0 days 00:00:43.346000
NOR,0 days 00:01:40.217000,0 days 00:00:26.716000,0 days 00:00:30.125000,0 days 00:00:43.376000
NOR,0 days 00:01:40.686000,0 days 00:00:26.901000,0 days 00:00:30.149000,0 days 00:00:43.636000
NOR,0 days 00:01:40.284000,0 days 00:00:26.745000,0 days 00:00:30.258000,0 days 00:00:43.281000
HAM,0 days 00:01:44.135000,0 days 00:00:27.777000,0 days 00:00:31.721000,0 days 00:00:44.637000
HAM,0 days 00:01:42.906000,0 days 00:00:27.516000,0 days 00:00:31.429000,0 days 00:00:43.961000
HAM,0 days 00:01:43.013000,0 days 00:00:27.290000,0 days 00:00:31.303000,0 days 00:00:44.420000
HAM,0 days 00:01:43.499000,0 days 00:00:27.586000,0 days 00:00:31.314000,0 days 00:00:44.599000
HAM,0 days 00:01:43.467000,0 days 00:00:27.510000,0 days 00:00:31.423000,0 days 00:00:44.534000
HAM,0 days 00:01:44.056000,0 days 00:00:27.593000,0 days 00:00:31.549000,0 days 00:00:44.914000
HAM,0 days 00:01:43.769000,0 days 00:00:27.507000,0 days 00:00:31.695000,0 days 00:00:44.567000
HAM,0 days 00:01:47.942000,0 days 00:00:27.422000,0 days 00:00:31.115000,0 days 00:00:49.405000
HAM,0 days 00:01:58.909000,0 days 00:00:45.205000,0 days 00:00:30.064000,0 days 00:00:43.640000
HAM,0 days 00:01:41.409000,0 days 00:00:26.848000,0 days 00:00:30.842000,0 days 00:00:43.719000
HAM,0 days 00:01:41.904000,0 days 00:00:26.938000,0 days 00:00:30.884000,0 days 00:00:44.082000
HAM,0 days 00:01:41.927000,0 days 00:00:27.321000,0 days 00:00:30.655000,0 days 00:00:43.951000
HAM,0 days 00:01:41.720000,0 days 00:00:27.232000,0 days 00:00:30.537000,0 days 00:00:43.951000
HAM,0 days 00:01:42.314000,0 days 00:00:27.361000,0 days 00:00:30.746000,0 days 00:00:44.207000
HAM,0 days 00:01:42.531000,0 days 00:00:27.293000,0 days 00:00:30.770000,0 days 00:00:44.468000
HAM,0 days 00:01:42.223000,0 days 00:00:27.338000,0 days 00:00:30.584000,0 days 00:00:44.301000
HAM,0 days 00:01:42.564000,0 days 00:00:27.397000,0 days 00:00:30.752000,0 days 00:00:44.415000
HAM,0 days 00:01:42.854000,0 days 00:00:27.385000,0 days 00:00:30.912000,0 days 00:00:44.557000
HAM,0 days 00:01:43.115000,0 days 00:00:27.444000,0 days 00:00:30.921000,0 days 00:00:44.750000
HAM,0 days 00:02:02.779000,0 days 00:00:27.428000,0 days 00:00:32.924000,0 days 00:01:02.427000
HAM,0 days 00:02:29.397000,0 days 00:00:52.943000,0 days 00:00:41.990000,0 days 00:00:54.464000
HAM,0 days 00:02:13.536000,0 days 00:00:36.231000,0 days 00:00:39.784000,0 days 00:00:57.521000
HAM,0 days 00:02:13.117000,0 days 00:00:38.804000,0 days 00:00:37.536000,0 days 00:00:56.777000
HAM,0 days 00:01:54.977000,0 days 00:00:27.786000,0 days 00:00:33.306000,0 days 00:00:53.885000
HAM,0 days 00:02:27.219000,0 days 00:00:35.762000,0 days 00:00:41.631000,0 days 00:01:09.826000
HAM,0 days 00:01:55.435000,0 days 00:00:27.175000,0 days 00:00:30.710000,0 days 00:00:57.550000
HAM,0 days 00:02:27.598000,0 days 00:00:32.116000,0 days 00:00:51.255000,0 days 00:01:04.227000
HAM,0 days 00:02:24.889000,0 days 00:00:39.299000,0 days 00:00:46.869000,0 days 00:00:58.721000
HAM,0 days 00:02:21.100000,0 days 00:00:37.311000,0 days 00:00:44.312000,0 days 00:00:59.477000
HAM,0 days 00:02:22.834000,0 days 00:00:36.510000,0 days 00:00:44.378000,0 days 00:01:01.946000
HAM,0 days 00:01:41.118000,0 days 00:00:27.031000,0 days 00:00:30.408000,0 days 00:00:43.679000
HAM,0 days 00:01:40.857000,0 days 00:00:26.758000,0 days 00:00:30.465000,0 days 00:00:43.634000
HAM,0 days 00:01:40.835000,0 days 00:00:26.615000,0 days 00:00:30.525000,0 days 00:00:43.695000
HAM,0 days 00:01:40.908000,0 days 00:00:26.707000,0 days 00:00:30.558000,0 days 00:00:43.643000
HAM,0 days 00:01:41.289000,0 days 00:00:26.845000,0 days 00:00:30.726000,0 days 00:00:43.718000
HAM,0 days 00:01:41.215000,0 days 00:00:26.794000,0 days 00:00:30.790000,0 days 00:00:43.631000
HAM,0 days 00:01:40.974000,0 days 00:00:26.745000,0 days 00:00:30.682000,0 days 00:00:43.547000
HAM,0 days 00:01:41.113000,0 days 00:00:26.948000,0 days 00:00:30.643000,0 days 00:00:43.522000
HAM,0 days 00:01:41.500000,0 days 00:00:26.915000,0 days 00:00:30.751000,0 days 00:00:43.834000
HAM,0 days 00:01:40.882000,0 days 00:00:26.958000,0 days 00:00:30.425000,0 days 00:00:43.499000
HAM,0 days 00:01:41.068000,0 days 00:00:27.094000,0 days 00:00:30.261000,0 days 00:00:43.713000
HAM,0 days 00:01:41.222000,0 days 00:00:27.038000,0 days 00:00:30.454000,0 days 00:00:43.730000
HAM,0 days 00:01:40.915000,0 days 00:00:26.942000,0 days 00:00:30.321000,0 days 00:00:43.652000
HAM,0 days 00:01:41.098000,0 days 00:00:26.985000,0 days 00:00:30.492000,0 days 00:00:43.621000
HAM,0 days 00:01:41.341000,0 days 00:00:27.014000,0 days 00:00:30.474000,0 days 00:00:43.853000
HAM,0 days 00:01:41.376000,0 days 00:00:27.082000,0 days 00:00:30.487000,0 days 00:00:43.807000
HAM,0 days 00:01:41.315000,0 days 00:00:26.972000,0 days 00:00:30.348000,0 days 00:00:43.995000
HAM,0 days 00:01:41.920000,0 days 00:00:27.010000,0 days 00:00:31.133000,0 days 00:00:43.777000
HAM,0 days 00:01:41.306000,0 days 00:00:27.041000,0 days 00:00:30.575000,0 days 00:00:43.690000
HAM,0 days 00:01:41.485000,0 days 00:00:27.133000,0 days 00:00:30.628000,0 days 00:00:43.724000
HAM,0 days 00:01:41.461000,0 days 00:00:27.058000,0 days 00:00:30.527000,0 days 00:00:43.876000
HAM,0 days 00:01:41.521000,0 days 00:00:27.013000,0 days 00:00:30.603000,0 days 00:00:43.905000
HAM,0 days 00:01:41.493000,0 days 00:00:27.053000,0 days 00:00:30.612000,0 days 00:00:43.828000
HAM,0 days 00:01:41.604000,0 days 00:00:27.124000,0 days 00:00:30.622000,0 days 00:00:43.858000
HAM,0 days 00:01:42.084000,0 days 00:00:27.114000,0 days 00:00:30.620000,0 days 00:00:44.350000
SAI,0 days 00:01:42.115000,0 days 00:00:27.246000,0 days 00:00:31.059000,0 days 00:00:43.810000
SAI,0 days 00:01:41.979000,0 days 00:00:27.267000,0 days 00:00:30.965000,0 days 00:00:43.747000
SAI,0 days 00:01:42.145000,0 days 00:00:27.400000,0 days 00:00:31.006000,0 days 00:00:43.739000
SAI,0 days 00:01:42.210000,0 days 00:00:27.279000,0 days 00:00:31.121000,0 days 00:00:43.810000
SAI,0 days 00:01:42.409000,0 days 00:00:27.317000,0 days 00:00:31.132000,0 days 00:00:43.960000
SAI,0 days 00:01:42.783000,0 days 00:00:27.351000,0 days 00:00:31.085000,0 days 00:00:44.347000
SAI,0 days 00:01:42.951000,0 days 00:00:27.480000,0 days 00:00:31.199000,0 days 00:00:44.272000
SAI,0 days 00:01:42.800000,0 days 00:00:27.441000,0 days 00:00:31.194000,0 days 00:00:44.165000
SAI,0 days 00:01:43.238000,0 days 00:00:27.371000,0 days 00:00:31.806000,0 days 00:00:44.061000
SAI,0 days 00:01:43.299000,0 days 00:00:27.380000,0 days 00:00:31.597000,0 days 00:00:44.322000
SAI,0 days 00:01:42.603000,0 days 00:00:27.289000,0 days 00:00:31.140000,0 days 00:00:44.174000
SAI,0 days 00:01:42.400000,0 days 00:00:27.455000,0 days 00:00:31.031000,0 days 00:00:43.914000
SAI,0 days 00:01:43.087000,0 days 00:00:27.657000,0 days 00:00:31.162000,0 days 00:00:44.268000
SAI,0 days 00:01:42.792000,0 days 00:00:27.496000,0 days 00:00:31.088000,0 days 00:00:44.208000
SAI,0 days 00:01:42.693000,0 days 00:00:27.384000,0 days 00:00:31.091000,0 days 00:00:44.218000
SAI,0 days 00:01:47.863000,0 days 00:00:27.355000,0 days 00:00:31.014000,0 days 00:00:49.494000
SAI,0 days 00:01:58.852000,0 days 00:00:45.627000,0 days 00:00:30.049000,0 days 00:00:43.176000
SAI,0 days 00:01:39.764000,0 days 00:00:26.609000,0 days 00:00:29.898000,0 days 00:00:43.257000
SAI,0 days 00:01:40.661000,0 days 00:00:26.873000,0 days 00:00:30.157000,0 days 00:00:43.631000
SAI,0 days 00:01:55.808000,0 days 00:00:26.983000,0 days 00:00:31.136000,0 days 00:00:57.689000
SAI,0 days 00:02:14.775000,0 days 00:00:38.220000,0 days 00:00:38.751000,0 days 00:00:57.804000
SAI,0 days 00:02:13.108000,0 days 00:00:37.280000,0 days 00:00:37.160000,0 days 00:00:58.668000
SAI,0 days 00:02:13.409000,0 days 00:00:37.683000,0 days 00:00:38.503000,0 days 00:00:57.223000
SAI,0 days 00:02:16.459000,0 days 00:00:27.708000,0 days 00:00:47.613000,0 days 00:01:01.138000
SAI,0 days 00:01:52.235000,0 days 00:00:26.898000,0 days 00:00:30.310000,0 days 00:00:55.027000
SAI,0 days 00:02:25.926000,0 days 00:00:39.665000,0 days 00:00:45.528000,0 days 00:01:00.733000
SAI,0 days 00:02:21.876000,0 days 00:00:35.663000,0 days 00:00:44.594000,0 days 00:01:01.619000
SAI,0 days 00:02:24.652000,0 days 00:00:33.053000,0 days 00:00:44.499000,0 days 00:01:07.100000
SAI,0 days 00:01:40.401000,0 days 00:00:26.813000,0 days 00:00:30.054000,0 days 00:00:43.534000
SAI,0 days 00:01:40.048000,0 days 00:00:26.579000,0 days 00:00:30.014000,0 days 00:00:43.455000
SAI,0 days 00:01:40.416000,0 days 00:00:26.856000,0 days 00:00:30.101000,0 days 00:00:43.459000
SAI,0 days 00:01:40.311000,0 days 00:00:26.839000,0 days 00:00:30.115000,0 days 00:00:43.357000
SAI,0 days 00:01:40.615000,0 days 00:00:26.863000,0 days 00:00:30.199000,0 days 00:00:43.553000
SAI,0 days 00:01:40.726000,0 days 00:00:26.883000,0 days 00:00:30.341000,0 days 00:00:43.502000
SAI,0 days 00:01:40.603000,0 days 00:00:26.920000,0 days 00:00:30.270000,0 days 00:00:43.413000
SAI,0 days 00:01:40.497000,0 days 00:00:26.878000,0 days 00:00:30.134000,0 days 00:00:43.485000
SAI,0 days 00:01:40.875000,0 days 00:00:26.942000,0 days 00:00:30.247000,0 days 00:00:43.686000
SAI,0 days 00:01:40.299000,0 days 00:00:26.722000,0 days 00:00:30.121000,0 days 00:00:43.456000
SAI,0 days 00:01:40.756000,0 days 00:00:26.846000,0 days 00:00:30.216000,0 days 00:00:43.694000
SAI,0 days 00:01:40.345000,0 days 00:00:26.766000,0 days 00:00:29.986000,0 days 00:00:43.593000
SAI,0 days 00:01:40.109000,0 days 00:00:26.644000,0 days 00:00:30.037000,0 days 00:00:43.428000
SAI,0 days 00:01:40.220000,0 days 00:00:26.740000,0 days 00:00:30.041000,0 days 00:00:43.439000
SAI,0 days 00:01:40.227000,0 days 00:00:26.838000,0 days 00:00:30.002000,0 days 00:00:43.387000
SAI,0 days 00:01:40.602000,0 days 00:00:26.859000,0 days 00:00:30.120000,0 days 00:00:43.623000
SAI,0 days 00:01:40.471000,0 days 00:00:26.880000,0 days 00:00:30.031000,0 days 00:00:43.560000
SAI,0 days 00:01:40.109000,0 days 00:00:26.705000,0 days 00:00:30.015000,0 days 00:00:43.389000
SAI,0 days 00:01:40.352000,0 days 00:00:26.727000,0 days 00:00:30.171000,0 days 00:00:43.454000
SAI,0 days 00:01:40.239000,0 days 00:00:26.745000,0 days 00:00:30.098000,0 days 00:00:43.396000
SAI,0 days 00:01:40.413000,0 days 00:00:26.766000,0 days 00:00:30.200000,0 days 00:00:43.447000
SAI,0 days 00:01:40.561000,0 days 00:00:26.819000,0 days 00:00:30.219000,0 days 00:00:43.523000
SAI,0 days 00:01:40.281000,0 days 00:00:26.594000,0 days 00:00:30.274000,0 days 00:00:43.413000
SAI,0 days 00:01:40.711000,0 days 00:00:26.895000,0 days 00:00:30.215000,0 days 00:00:43.601000
SAI,0 days 00:01:40.410000,0 days 00:00:26.876000,0 days 00:00:30.153000,0 days 00:00:43.381000
RUS,0 days 00:01:41.696000,0 days 00:00:26.985000,0 days 00:00:30.791000,0 days 00:00:43.920000
RUS,0 days 00:01:41.771000,0 days 00:00:26.895000,0 days 00:00:30.930000,0 days 00:00:43.946000
RUS,0 days 00:01:42.413000,0 days 00:00:27.441000,0 days 00:00:30.963000,0 days 00:00:44.009000
RUS,0 days 00:01:42.185000,0 days 00:00:27.178000,0 days 00:00:31.051000,0 days 00:00:43.956000
RUS,0 days 00:01:42.597000,0 days 00:00:27.312000,0 days 00:00:31.169000,0 days 00:00:44.116000
RUS,0 days 00:01:42.589000,0 days 00:00:27.340000,0 days 00:00:31.018000,0 days 00:00:44.231000
RUS,0 days 00:01:43.114000,0 days 00:00:27.416000,0 days 00:00:31.223000,0 days 00:00:44.475000
RUS,0 days 00:01:43.985000,0 days 00:00:27.976000,0 days 00:00:31.329000,0 days 00:00:44.680000
RUS,0 days 00:01:43.227000,0 days 00:00:27.548000,0 days 00:00:31.380000,0 days 00:00:44.299000
RUS,0 days 00:01:48.016000,0 days 00:00:27.595000,0 days 00:00:31.267000,0 days 00:00:49.154000
RUS,0 days 00:01:58.003000,0 days 00:00:44.862000,0 days 00:00:29.863000,0 days 00:00:43.278000
RUS,0 days 00:01:40.785000,0 days 00:00:26.911000,0 days 00:00:30.220000,0 days 00:00:43.654000
RUS,0 days 00:01:41.754000,0 days 00:00:27.036000,0 days 00:00:30.895000,0 days 00:00:43.823000
RUS,0 days 00:01:41.308000,0 days 00:00:27.202000,0 days 00:00:30.459000,0 days 00:00:43.647000
RUS,0 days 00:01:41.400000,0 days 00:00:27.034000,0 days 00:00:30.479000,0 days 00:00:43.887000
RUS,0 days 00:01:41.376000,0 days 00:00:27.016000,0 days 00:00:30.516000,0 days 00:00:43.844000
RUS,0 days 00:01:41.491000,0 days 00:00:27.005000,0 days 00:00:30.517000,0 days 00:00:43.969000
RUS,0 days 00:01:41.416000,0 days 00:00:26.995000,0 days 00:00:30.419000,0 days 00:00:44.002000
RUS,0 days 00:01:42.067000,0 days 00:00:27.247000,0 days 00:00:30.687000,0 days 00:00:44.133000
RUS,0 days 00:01:52.130000,0 days 00:00:26.990000,0 days 00:00:30.734000,0 days 00:00:54.406000
RUS,0 days 00:02:13.433000,0 days 00:00:34.980000,0 days 00:00:41.851000,0 days 00:00:56.602000
RUS,0 days 00:02:18.074000,0 days 00:00:35.529000,0 days 00:00:40.902000,0 days 00:01:01.643000
RUS,0 days 00:02:28.872000,0 days 00:00:52.768000,0 days 00:00:40.554000,0 days 00:00:55.550000
RUS,0 days 00:02:11.356000,0 days 00:00:30.327000,0 days 00:00:40.429000,0 days 00:01:00.600000
RUS,0 days 00:01:53.377000,0 days 00:00:26.882000,0 days 00:00:30.016000,0 days 00:00:56.479000
RUS,0 days 00:02:29.234000,0 days 00:00:33.270000,0 days 00:00:50.802000,0 days 00:01:05.162000
RUS,0 days 00:02:25.225000,0 days 00:00:39.351000,0 days 00:00:46.214000,0 days 00:00:59.660000
RUS,0 days 00:02:21.655000,0 days 00:00:36.089000,0 days 00:00:44.314000,0 days 00:01:01.252000
RUS,0 days 00:02:24.253000,0 days 00:00:33.249000,0 days 00:00:44.397000,0 days 00:01:06.607000
RUS,0 days 00:01:40.690000,0 days 00:00:26.911000,0 days 00:00:30.215000,0 days 00:00:43.564000
RUS,0 days 00:01:40.476000,0 days 00:00:26.712000,0 days 00:00:30.099000,0 days 00:00:43.665000
RUS,0 days 00:01:40.467000,0 days 00:00:26.774000,0 days 00:00:30.103000,0 days 00:00:43.590000
RUS,0 days 00:01:40.493000,0 days 00:00:26.993000,0 days 00:00:30.065000,0 days 00:00:43.435000
RUS,0 days 00:01:40.496000,0 days 00:00:26.798000,0 days 00:00:30.249000,0 days 00:00:43.449000
RUS,0 days 00:01:40.687000,0 days 00:00:26.898000,0 days 00:00:30.229000,0 days 00:00:43.560000
RUS,0 days 00:01:40.451000,0 days 00:00:26.874000,0 days 00:00:30.036000,0 days 00:00:43.541000
RUS,0 days 00:01:40.112000,0 days 00:00:26.699000,0 days 00:00:29.964000,0 days 00:00:43.449000
RUS,0 days 00:01:40.780000,0 days 00:00:26.764000,0 days 00:00:30.319000,0 days 00:00:43.697000
RUS,0 days 00:01:41.024000,0 days 00:00:26.851000,0 days 00:00:30.398000,0 days 00:00:43.775000
RUS,0 days 00:01:40.772000,0 days 00:00:26.790000,0 days 00:00:30.347000,0 days 00:00:43.635000
RUS,0 days 00:01:40.681000,0 days 00:00:26.757000,0 days 00:00:30.125000,0 days 00:00:43.799000
RUS,0 days 00:01:40.380000,0 days 00:00:26.791000,0 days 00:00:29.985000,0 days 00:00:43.604000
RUS,0 days 00:01:40.619000,0 days 00:00:26.971000,0 days 00:00:30.124000,0 days 00:00:43.524000
RUS,0 days 00:01:40.380000,0 days 00:00:26.794000,0 days 00:00:30.120000,0 days 00:00:43.466000
RUS,0 days 00:01:40.404000,0 days 00:00:26.775000,0 days 00:00:30.228000,0 days 00:00:43.401000
RUS,0 days 00:01:40.394000,0 days 00:00:26.879000,0 days 00:00:30.089000,0 days 00:00:43.426000
RUS,0 days 00:01:40.218000,0 days 00:00:26.711000,0 days 00:00:30.072000,0 days 00:00:43.435000
RUS,0 days 00:01:40.466000,0 days 00:00:26.714000,0 days 00:00:30.205000,0 days 00:00:43.547000
RUS,0 days 00:01:40.334000,0 days 00:00:26.764000,0 days 00:00:30.193000,0 days 00:00:43.377000
RUS,0 days 00:01:40.731000,0 days 00:00:26.750000,0 days 00:00:30.218000,0 days 00:00:43.763000
RUS,0 days 00:01:40.670000,0 days 00:00:26.934000,0 days 00:00:30.149000,0 days 00:00:43.587000
RUS,0 days 00:01:40.840000,0 days 00:00:26.899000,0 days 00:00:30.295000,0 days 00:00:43.646000
RUS,0 days 00:01:41.429000,0 days 00:00:26.942000,0 days 00:00:30.684000,0 days 00:00:43.803000
RUS,0 days 00:01:40.793000,0 days 00:00:26.795000,0 days 00:00:30.331000,0 days 00:00:43.667000
BOT,0 days 00:01:43.041000,0 days 00:00:27.648000,0 days 00:00:31.229000,0 days 00:00:44.164000
BOT,0 days 00:01:42.548000,0 days 00:00:27.242000,0 days 00:00:31.336000,0 days 00:00:43.970000
BOT,0 days 00:01:43.032000,0 days 00:00:27.247000,0 days 00:00:31.432000,0 days 00:00:44.353000
BOT,0 days 00:01:43.192000,0 days 00:00:27.299000,0 days 00:00:31.575000,0 days 00:00:44.318000
BOT,0 days 00:01:43.151000,0 days 00:00:27.357000,0 days 00:00:31.453000,0 days 00:00:44.341000
BOT,0 days 00:01:42.959000,0 days 00:00:27.557000,0 days 00:00:31.510000,0 days 00:00:43.892000
BOT,0 days 00:01:43.450000,0 days 00:00:27.595000,0 days 00:00:31.172000,0 days 00:00:44.683000
BOT,0 days 00:01:47.977000,0 days 00:00:27.480000,0 days 00:00:31.189000,0 days 00:00:49.308000
BOT,0 days 00:02:01.016000,0 days 00:00:46.422000,0 days 00:00:30.772000,0 days 00:00:43.822000
BOT,0 days 00:01:41.276000,0 days 00:00:27.030000,0 days 00:00:30.426000,0 days 00:00:43.820000
BOT,0 days 00:01:41.994000,0 days 00:00:27.306000,0 days 00:00:30.865000,0 days 00:00:43.823000
BOT,0 days 00:01:42.144000,0 days 00:00:27.393000,0 days 00:00:30.725000,0 days 00:00:44.026000
BOT,0 days 00:01:42.359000,0 days 00:00:27.546000,0 days 00:00:30.783000,0 days 00:00:44.030000
BOT,0 days 00:01:42.391000,0 days 00:00:27.389000,0 days 00:00:30.819000,0 days 00:00:44.183000
BOT,0 days 00:01:42.215000,0 days 00:00:27.116000,0 days 00:00:30.773000,0 days 00:00:44.326000
BOT,0 days 00:01:42.606000,0 days 00:00:27.347000,0 days 00:00:30.971000,0 days 00:00:44.288000
BOT,0 days 00:01:42.768000,0 days 00:00:27.472000,0 days 00:00:30.886000,0 days 00:00:44.410000
BOT,0 days 00:01:42.252000,0 days 00:00:27.245000,0 days 00:00:30.664000,0 days 00:00:44.343000
PIA,0 days 00:01:41.607000,0 days 00:00:27.303000,0 days 00:00:30.583000,0 days 00:00:43.721000
PIA,0 days 00:01:41.754000,0 days 00:00:27.073000,0 days 00:00:31.057000,0 days 00:00:43.624000
PIA,0 days 00:01:42.247000,0 days 00:00:27.517000,0 days 00:00:30.817000,0 days 00:00:43.913000
PIA,0 days 00:01:42.227000,0 days 00:00:27.488000,0 days 00:00:30.877000,0 days 00:00:43.862000
PIA,0 days 00:01:42.608000,0 days 00:00:27.420000,0 days 00:00:31.171000,0 days 00:00:44.017000
PIA,0 days 00:01:42.376000,0 days 00:00:27.431000,0 days 00:00:30.809000,0 days 00:00:44.136000
PIA,0 days 00:01:42.627000,0 days 00:00:27.427000,0 days 00:00:30.943000,0 days 00:00:44.257000
PIA,0 days 00:01:42.976000,0 days 00:00:27.543000,0 days 00:00:31.130000,0 days 00:00:44.303000
PIA,0 days 00:01:42.658000,0 days 00:00:27.411000,0 days 00:00:31.102000,0 days 00:00:44.145000
PIA,0 days 00:01:43.456000,0 days 00:00:27.320000,0 days 00:00:31.332000,0 days 00:00:44.804000
PIA,0 days 00:01:42.975000,0 days 00:00:27.564000,0 days 00:00:31.194000,0 days 00:00:44.217000
PIA,0 days 00:01:42.871000,0 days 00:00:27.614000,0 days 00:00:31.126000,0 days 00:00:44.131000
PIA,0 days 00:01:43.139000,0 days 00:00:27.647000,0 days 00:00:31.030000,0 days 00:00:44.462000
PIA,0 days 00:01:42.645000,0 days 00:00:27.433000,0 days 00:00:30.992000,0 days 00:00:44.220000
PIA,0 days 00:01:47.643000,0 days 00:00:27.548000,0 days 00:00:30.966000,0 days 00:00:49.129000
PIA,0 days 00:01:59.282000,0 days 00:00:45.362000,0 days 00:00:30.578000,0 days 00:00:43.342000
PIA,0 days 00:01:39.739000,0 days 00:00:26.748000,0 days 00:00:30.172000,0 days 00:00:42.819000
PIA,0 days 00:01:40.632000,0 days 00:00:26.874000,0 days 00:00:30.344000,0 days 00:00:43.414000
PIA,0 days 00:01:40.478000,0 days 00:00:26.907000,0 days 00:00:30.285000,0 days 00:00:43.286000
PIA,0 days 00:01:52.541000,0 days 00:00:26.850000,0 days 00:00:30.496000,0 days 00:00:55.195000
PIA,0 days 00:02:15.352000,0 days 00:00:35.501000,0 days 00:00:41.433000,0 days 00:00:58.418000
PIA,0 days 00:02:12.376000,0 days 00:00:34.557000,0 days 00:00:41.506000,0 days 00:00:56.313000
PIA,0 days 00:02:17.575000,0 days 00:00:35.195000,0 days 00:00:41.459000,0 days 00:01:00.921000
PIA,0 days 00:02:25.072000,0 days 00:00:47.353000,0 days 00:00:38.244000,0 days 00:00:59.475000
PIA,0 days 00:01:54.121000,0 days 00:00:26.938000,0 days 00:00:30.317000,0 days 00:00:56.866000
PIA,0 days 00:02:29.005000,0 days 00:00:33.551000,0 days 00:00:50.843000,0 days 00:01:04.611000
PIA,0 days 00:02:25.655000,0 days 00:00:39.593000,0 days 00:00:46.310000,0 days 00:00:59.752000
PIA,0 days 00:02:21.071000,0 days 00:00:36.007000,0 days 00:00:44.063000,0 days 00:01:01.001000
PIA,0 days 00:02:24.001000,0 days 00:00:33.807000,0 days 00:00:44.376000,0 days 00:01:05.818000
PIA,0 days 00:01:41.017000,0 days 00:00:26.910000,0 days 00:00:30.478000,0 days 00:00:43.629000
PIA,0 days 00:01:40.725000,0 days 00:00:26.960000,0 days 00:00:30.251000,0 days 00:00:43.514000
PIA,0 days 00:01:40.748000,0 days 00:00:26.939000,0 days 00:00:30.238000,0 days 00:00:43.571000
PIA,0 days 00:01:40.397000,0 days 00:00:26.844000,0 days 00:00:30.159000,0 days 00:00:43.394000
PIA,0 days 00:01:41.500000,0 days 00:00:27.069000,0 days 00:00:30.456000,0 days 00:00:43.975000
PIA,0 days 00:01:41.450000,0 days 00:00:27.084000,0 days 00:00:30.586000,0 days 00:00:43.780000
PIA,0 days 00:01:40.946000,0 days 00:00:26.850000,0 days 00:00:30.517000,0 days 00:00:43.579000
PIA,0 days 00:01:41.496000,0 days 00:00:27.005000,0 days 00:00:30.593000,0 days 00:00:43.898000
PIA,0 days 00:01:41.119000,0 days 00:00:27.102000,0 days 00:00:30.291000,0 days 00:00:43.726000
PIA,0 days 00:01:41.621000,0 days 00:00:27.078000,0 days 00:00:30.568000,0 days 00:00:43.975000
PIA,0 days 00:01:41.010000,0 days 00:00:26.998000,0 days 00:00:30.225000,0 days 00:00:43.787000
PIA,0 days 00:01:40.876000,0 days 00:00:26.880000,0 days 00:00:30.268000,0 days 00:00:43.728000
PIA,0 days 00:01:41.004000,0 days 00:00:26.999000,0 days 00:00:30.274000,0 days 00:00:43.731000
PIA,0 days 00:01:41.301000,0 days 00:00:27.105000,0 days 00:00:30.429000,0 days 00:00:43.767000
PIA,0 days 00:01:41.294000,0 days 00:00:26.957000,0 days 00:00:30.596000,0 days 00:00:43.741000
PIA,0 days 00:01:41.450000,0 days 00:00:26.982000,0 days 00:00:30.572000,0 days 00:00:43.896000
PIA,0 days 00:01:41.437000,0 days 00:00:26.986000,0 days 00:00:30.462000,0 days 00:00:43.989000
PIA,0 days 00:01:42.046000,0 days 00:00:27.078000,0 days 00:00:30.314000,0 days 00:00:44.654000
PIA,0 days 00:01:41.297000,0 days 00:00:26.913000,0 days 00:00:30.593000,0 days 00:00:43.791000
PIA,0 days 00:01:41.331000,0 days 00:00:26.947000,0 days 00:00:30.473000,0 days 00:00:43.911000
PIA,0 days 00:01:41.602000,0 days 00:00:27.234000,0 days 00:00:30.555000,0 days 00:00:43.813000
PIA,0 days 00:01:41.471000,0 days 00:00:27.208000,0 days 00:00:30.453000,0 days 00:00:43.810000
PIA,0 days 00:01:41.647000,0 days 00:00:27.195000,0 days 00:00:30.533000,0 days 00:00:43.919000
PIA,0 days 00:01:41.450000,0 days 00:00:27.133000,0 days 00:00:30.322000,0 days 00:00:43.995000
PIA,0 days 00:01:41.610000,0 days 00:00:27.176000,0 days 00:00:30.288000,0 days 00:00:44.146000
