Driver,LapTime,Sector1Time,Sector2Time,Sector3Time,Abbreviation,Position
HAM,0 days 00:01:31.420000,0 days 00:00:29.249000,0 days 00:00:37.314000,0 days 00:00:24.857000,HAM,1.0
HAM,0 days 00:01:31.716000,0 days 00:00:29.287000,0 days 00:00:37.133000,0 days 00:00:25.296000,HAM,1.0
HAM,0 days 00:01:31.988000,0 days 00:00:29.554000,0 days 00:00:37.258000,0 days 00:00:25.176000,HAM,1.0
HAM,0 days 00:01:31.677000,0 days 00:00:29.469000,0 days 00:00:37.231000,0 days 00:00:24.977000,HAM,1.0
HAM,0 days 00:01:31.746000,0 days 00:00:29.486000,0 days 00:00:37.195000,0 days 00:00:25.065000,HAM,1.0
HAM,0 days 00:01:31.675000,0 days 00:00:29.518000,0 days 00:00:37.064000,0 days 00:00:25.093000,HAM,1.0
HAM,0 days 00:01:31.760000,0 days 00:00:29.475000,0 days 00:00:37.201000,0 days 00:00:25.084000,HAM,1.0
HAM,0 days 00:01:31.564000,0 days 00:00:29.496000,0 days 00:00:36.954000,0 days 00:00:25.114000,HAM,1.0
HAM,0 days 00:01:31.515000,0 days 00:00:29.484000,0 days 00:00:36.923000,0 days 00:00:25.108000,HAM,1.0
HAM,0 days 00:01:31.487000,0 days 00:00:29.412000,0 days 00:00:37.003000,0 days 00:00:25.072000,HAM,1.0
HAM,0 days 00:01:31.563000,0 days 00:00:29.429000,0 days 00:00:36.937000,0 days 00:00:25.197000,HAM,1.0
HAM,0 days 00:01:31.881000,0 days 00:00:29.817000,0 days 00:00:37.067000,0 days 00:00:24.997000,HAM,1.0
HAM,0 days 00:01:31.609000,0 days 00:00:29.552000,0 days 00:00:37.045000,0 days 00:00:25.012000,HAM,1.0
HAM,0 days 00:01:31.563000,0 days 00:00:29.520000,0 days 00:00:37.024000,0 days 00:00:25.019000,HAM,1.0
HAM,0 days 00:01:31.931000,0 days 00:00:29.491000,0 days 00:00:36.755000,0 days 00:00:25.685000,HAM,1.0
HAM,0 days 00:01:33.721000,0 days 00:00:29.743000,0 days 00:00:36.945000,0 days 00:00:27.033000,HAM,1.0
HAM,0 days 00:01:35.071000,0 days 00:00:29.752000,0 days 00:00:37.612000,0 days 00:00:27.707000,HAM,1.0
HAM,0 days 00:01:43.711000,0 days 00:00:34.046000,0 days 00:00:40.683000,0 days 00:00:28.982000,HAM,1.0
HAM,0 days 00:01:40.021000,0 days 00:00:33.695000,0 days 00:00:39.257000,0 days 00:00:27.069000,HAM,1.0
HAM,0 days 00:01:32.156000,0 days 00:00:29.881000,0 days 00:00:37.046000,0 days 00:00:25.229000,HAM,1.0
HAM,0 days 00:01:31.095000,0 days 00:00:29.387000,0 days 00:00:36.821000,0 days 00:00:24.887000,HAM,1.0
HAM,0 days 00:01:31.107000,0 days 00:00:29.369000,0 days 00:00:36.814000,0 days 00:00:24.924000,HAM,1.0
HAM,0 days 00:01:31.635000,0 days 00:00:29.344000,0 days 00:00:36.872000,0 days 00:00:25.419000,HAM,1.0
HAM,0 days 00:01:34.988000,0 days 00:00:29.923000,0 days 00:00:38.568000,0 days 00:00:26.497000,HAM,1.0
HAM,0 days 00:01:40.792000,0 days 00:00:30.114000,0 days 00:00:42.065000,0 days 00:00:28.613000,HAM,1.0
HAM,0 days 00:01:45.183000,0 days 00:00:31.477000,0 days 00:00:45.498000,0 days 00:00:28.208000,HAM,1.0
HAM,0 days 00:02:00.866000,0 days 00:00:52.668000,0 days 00:00:40.319000,0 days 00:00:27.879000,HAM,1.0
HAM,0 days 00:01:40.420000,0 days 00:00:31.690000,0 days 00:00:40.569000,0 days 00:00:28.161000,HAM,1.0
HAM,0 days 00:01:40.467000,0 days 00:00:31.833000,0 days 00:00:40.400000,0 days 00:00:28.234000,HAM,1.0
HAM,0 days 00:01:41.538000,0 days 00:00:31.900000,0 days 00:00:40.828000,0 days 00:00:28.810000,HAM,1.0
HAM,0 days 00:01:42.475000,0 days 00:00:32.107000,0 days 00:00:41.398000,0 days 00:00:28.970000,HAM,1.0
HAM,0 days 00:01:42.435000,0 days 00:00:32.312000,0 days 00:00:41.325000,0 days 00:00:28.798000,HAM,1.0
HAM,0 days 00:01:42.757000,0 days 00:00:32.419000,0 days 00:00:41.475000,0 days 00:00:28.863000,HAM,1.0
HAM,0 days 00:01:42.271000,0 days 00:00:32.513000,0 days 00:00:41.544000,0 days 00:00:28.214000,HAM,1.0
HAM,0 days 00:01:41.924000,0 days 00:00:32.184000,0 days 00:00:42.037000,0 days 00:00:27.703000,HAM,1.0
HAM,0 days 00:01:39.711000,0 days 00:00:31.694000,0 days 00:00:41.125000,0 days 00:00:26.892000,HAM,1.0
HAM,0 days 00:01:37.220000,0 days 00:00:31.208000,0 days 00:00:40.056000,0 days 00:00:25.956000,HAM,1.0
HAM,0 days 00:01:57.389000,0 days 00:00:53.812000,0 days 00:00:38.414000,0 days 00:00:25.163000,HAM,1.0
HAM,0 days 00:01:30.318000,0 days 00:00:28.689000,0 days 00:00:36.767000,0 days 00:00:24.862000,HAM,1.0
HAM,0 days 00:01:30.118000,0 days 00:00:28.960000,0 days 00:00:36.367000,0 days 00:00:24.791000,HAM,1.0
HAM,0 days 00:01:29.617000,0 days 00:00:28.922000,0 days 00:00:36.207000,0 days 00:00:24.488000,HAM,1.0
HAM,0 days 00:01:29.793000,0 days 00:00:28.884000,0 days 00:00:36.195000,0 days 00:00:24.714000,HAM,1.0
HAM,0 days 00:01:29.697000,0 days 00:00:29.087000,0 days 00:00:36.164000,0 days 00:00:24.446000,HAM,1.0
HAM,0 days 00:01:29.438000,0 days 00:00:29.064000,0 days 00:00:36.042000,0 days 00:00:24.332000,HAM,1.0
HAM,0 days 00:01:29.641000,0 days 00:00:29.154000,0 days 00:00:36.156000,0 days 00:00:24.331000,HAM,1.0
HAM,0 days 00:01:29.538000,0 days 00:00:29.069000,0 days 00:00:36.025000,0 days 00:00:24.444000,HAM,1.0
HAM,0 days 00:01:29.579000,0 days 00:00:29.144000,0 days 00:00:36,0 days 00:00:24.435000,HAM,1.0
HAM,0 days 00:01:29.667000,0 days 00:00:29.218000,0 days 00:00:36.038000,0 days 00:00:24.411000,HAM,1.0
HAM,0 days 00:01:29.682000,0 days 00:00:29.222000,0 days 00:00:35.946000,0 days 00:00:24.514000,HAM,1.0
HAM,0 days 00:01:29.743000,0 days 00:00:29.128000,0 days 00:00:36.030000,0 days 00:00:24.585000,HAM,1.0
HAM,0 days 00:01:30.146000,0 days 00:00:29.302000,0 days 00:00:36.135000,0 days 00:00:24.709000,HAM,1.0
VER,0 days 00:01:31.773000,0 days 00:00:29.612000,0 days 00:00:37.222000,0 days 00:00:24.939000,VER,2.0
VER,0 days 00:01:32.200000,0 days 00:00:29.672000,0 days 00:00:37.216000,0 days 00:00:25.312000,VER,2.0
VER,0 days 00:01:31.933000,0 days 00:00:29.626000,0 days 00:00:37.090000,0 days 00:00:25.217000,VER,2.0
VER,0 days 00:01:31.778000,0 days 00:00:29.608000,0 days 00:00:37.007000,0 days 00:00:25.163000,VER,2.0
VER,0 days 00:01:31.711000,0 days 00:00:29.471000,0 days 00:00:37.070000,0 days 00:00:25.170000,VER,2.0
VER,0 days 00:01:31.935000,0 days 00:00:29.586000,0 days 00:00:37.024000,0 days 00:00:25.325000,VER,2.0
VER,0 days 00:01:32.038000,0 days 00:00:29.655000,0 days 00:00:37.087000,0 days 00:00:25.296000,VER,2.0
VER,0 days 00:01:31.883000,0 days 00:00:29.639000,0 days 00:00:36.978000,0 days 00:00:25.266000,VER,2.0
VER,0 days 00:01:31.661000,0 days 00:00:29.557000,0 days 00:00:36.884000,0 days 00:00:25.220000,VER,2.0
VER,0 days 00:01:31.810000,0 days 00:00:29.524000,0 days 00:00:37.060000,0 days 00:00:25.226000,VER,2.0
VER,0 days 00:01:31.894000,0 days 00:00:29.529000,0 days 00:00:37.046000,0 days 00:00:25.319000,VER,2.0
VER,0 days 00:01:31.759000,0 days 00:00:29.562000,0 days 00:00:37.021000,0 days 00:00:25.176000,VER,2.0
VER,0 days 00:01:31.700000,0 days 00:00:29.517000,0 days 00:00:37.027000,0 days 00:00:25.156000,VER,2.0
VER,0 days 00:01:32.249000,0 days 00:00:29.622000,0 days 00:00:36.874000,0 days 00:00:25.753000,VER,2.0
VER,0 days 00:01:32.504000,0 days 00:00:29.493000,0 days 00:00:37.097000,0 days 00:00:25.914000,VER,2.0
VER,0 days 00:01:35.359000,0 days 00:00:29.827000,0 days 00:00:37.281000,0 days 00:00:28.251000,VER,2.0
VER,0 days 00:01:36.172000,0 days 00:00:30.085000,0 days 00:00:37.891000,0 days 00:00:28.196000,VER,2.0
VER,0 days 00:01:42.485000,0 days 00:00:33.582000,0 days 00:00:40.925000,0 days 00:00:27.978000,VER,2.0
VER,0 days 00:01:37.108000,0 days 00:00:31.872000,0 days 00:00:39.086000,0 days 00:00:26.150000,VER,2.0
VER,0 days 00:01:33.488000,0 days 00:00:30.031000,0 days 00:00:37.975000,0 days 00:00:25.482000,VER,2.0
VER,0 days 00:01:31.904000,0 days 00:00:29.610000,0 days 00:00:37.027000,0 days 00:00:25.267000,VER,2.0
VER,0 days 00:01:32.143000,0 days 00:00:29.632000,0 days 00:00:37.148000,0 days 00:00:25.363000,VER,2.0
VER,0 days 00:01:33.020000,0 days 00:00:29.699000,0 days 00:00:37.341000,0 days 00:00:25.980000,VER,2.0
VER,0 days 00:01:36.063000,0 days 00:00:29.999000,0 days 00:00:38.958000,0 days 00:00:27.106000,VER,2.0
VER,0 days 00:01:41.491000,0 days 00:00:30.720000,0 days 00:00:43.858000,0 days 00:00:26.913000,VER,2.0
VER,0 days 00:01:59.169000,0 days 00:00:51.084000,0 days 00:00:40.561000,0 days 00:00:27.524000,VER,2.0
VER,0 days 00:01:41.176000,0 days 00:00:31.767000,0 days 00:00:41.184000,0 days 00:00:28.225000,VER,2.0
VER,0 days 00:01:41.533000,0 days 00:00:31.943000,0 days 00:00:41.241000,0 days 00:00:28.349000,VER,2.0
VER,0 days 00:01:42.098000,0 days 00:00:32.368000,0 days 00:00:41.071000,0 days 00:00:28.659000,VER,2.0
VER,0 days 00:01:42.025000,0 days 00:00:32.091000,0 days 00:00:41.086000,0 days 00:00:28.848000,VER,2.0
VER,0 days 00:01:42.538000,0 days 00:00:32.470000,0 days 00:00:41.197000,0 days 00:00:28.871000,VER,2.0
VER,0 days 00:01:42.606000,0 days 00:00:32.275000,0 days 00:00:41.381000,0 days 00:00:28.950000,VER,2.0
VER,0 days 00:01:42.447000,0 days 00:00:32.316000,0 days 00:00:41.542000,0 days 00:00:28.589000,VER,2.0
VER,0 days 00:01:43.029000,0 days 00:00:32.556000,0 days 00:00:42.058000,0 days 00:00:28.415000,VER,2.0
VER,0 days 00:01:41.958000,0 days 00:00:32.172000,0 days 00:00:42.007000,0 days 00:00:27.779000,VER,2.0
VER,0 days 00:01:38.869000,0 days 00:00:31.547000,0 days 00:00:40.385000,0 days 00:00:26.937000,VER,2.0
VER,0 days 00:01:35.963000,0 days 00:00:30.903000,0 days 00:00:39.254000,0 days 00:00:25.806000,VER,2.0
VER,0 days 00:01:58.311000,0 days 00:00:53.747000,0 days 00:00:38.012000,0 days 00:00:26.552000,VER,2.0
VER,0 days 00:01:30.056000,0 days 00:00:28.866000,0 days 00:00:36.203000,0 days 00:00:24.987000,VER,2.0
VER,0 days 00:01:29.604000,0 days 00:00:28.789000,0 days 00:00:35.955000,0 days 00:00:24.860000,VER,2.0
VER,0 days 00:01:29.472000,0 days 00:00:28.913000,0 days 00:00:35.869000,0 days 00:00:24.690000,VER,2.0
VER,0 days 00:01:29.105000,0 days 00:00:28.984000,0 days 00:00:35.655000,0 days 00:00:24.466000,VER,2.0
VER,0 days 00:01:29.372000,0 days 00:00:28.970000,0 days 00:00:35.867000,0 days 00:00:24.535000,VER,2.0
VER,0 days 00:01:29.137000,0 days 00:00:29.056000,0 days 00:00:35.591000,0 days 00:00:24.490000,VER,2.0
VER,0 days 00:01:29.543000,0 days 00:00:29.141000,0 days 00:00:35.901000,0 days 00:00:24.501000,VER,2.0
VER,0 days 00:01:29.411000,0 days 00:00:28.989000,0 days 00:00:35.905000,0 days 00:00:24.517000,VER,2.0
VER,0 days 00:01:28.952000,0 days 00:00:28.807000,0 days 00:00:36.166000,0 days 00:00:23.979000,VER,2.0
VER,0 days 00:01:29.560000,0 days 00:00:29.166000,0 days 00:00:35.949000,0 days 00:00:24.445000,VER,2.0
VER,0 days 00:01:29.286000,0 days 00:00:29.084000,0 days 00:00:35.787000,0 days 00:00:24.415000,VER,2.0
VER,0 days 00:01:29.443000,0 days 00:00:29.097000,0 days 00:00:35.888000,0 days 00:00:24.458000,VER,2.0
VER,0 days 00:01:29.089000,0 days 00:00:29.149000,0 days 00:00:35.714000,0 days 00:00:24.226000,VER,2.0
NOR,0 days 00:01:32.188000,0 days 00:00:29.225000,0 days 00:00:37.918000,0 days 00:00:25.045000,NOR,3.0
NOR,0 days 00:01:31.991000,0 days 00:00:29.279000,0 days 00:00:37.536000,0 days 00:00:25.176000,NOR,3.0
NOR,0 days 00:01:31.976000,0 days 00:00:29.320000,0 days 00:00:37.452000,0 days 00:00:25.204000,NOR,3.0
NOR,0 days 00:01:31.716000,0 days 00:00:29.363000,0 days 00:00:37.239000,0 days 00:00:25.114000,NOR,3.0
NOR,0 days 00:01:31.896000,0 days 00:00:29.368000,0 days 00:00:37.443000,0 days 00:00:25.085000,NOR,3.0
NOR,0 days 00:01:32.071000,0 days 00:00:29.557000,0 days 00:00:37.223000,0 days 00:00:25.291000,NOR,3.0
NOR,0 days 00:01:32.018000,0 days 00:00:29.566000,0 days 00:00:37.160000,0 days 00:00:25.292000,NOR,3.0
NOR,0 days 00:01:31.976000,0 days 00:00:29.558000,0 days 00:00:37.179000,0 days 00:00:25.239000,NOR,3.0
NOR,0 days 00:01:31.830000,0 days 00:00:29.516000,0 days 00:00:37.134000,0 days 00:00:25.180000,NOR,3.0
NOR,0 days 00:01:31.748000,0 days 00:00:29.417000,0 days 00:00:37.150000,0 days 00:00:25.181000,NOR,3.0
NOR,0 days 00:01:31.718000,0 days 00:00:29.501000,0 days 00:00:37.046000,0 days 00:00:25.171000,NOR,3.0
NOR,0 days 00:01:31.472000,0 days 00:00:29.496000,0 days 00:00:36.950000,0 days 00:00:25.026000,NOR,3.0
NOR,0 days 00:01:31.407000,0 days 00:00:29.300000,0 days 00:00:37.048000,0 days 00:00:25.059000,NOR,3.0
NOR,0 days 00:01:30.946000,0 days 00:00:29.380000,0 days 00:00:36.994000,0 days 00:00:24.572000,NOR,3.0
NOR,0 days 00:01:31.690000,0 days 00:00:29.378000,0 days 00:00:36.807000,0 days 00:00:25.505000,NOR,3.0
NOR,0 days 00:01:34.304000,0 days 00:00:29.606000,0 days 00:00:37.055000,0 days 00:00:27.643000,NOR,3.0
NOR,0 days 00:01:34.125000,0 days 00:00:29.647000,0 days 00:00:37.024000,0 days 00:00:27.454000,NOR,3.0
NOR,0 days 00:01:41.436000,0 days 00:00:32.740000,0 days 00:00:40.852000,0 days 00:00:27.844000,NOR,3.0
NOR,0 days 00:01:37.704000,0 days 00:00:32.090000,0 days 00:00:39.513000,0 days 00:00:26.101000,NOR,3.0
NOR,0 days 00:01:31.513000,0 days 00:00:29.432000,0 days 00:00:37.163000,0 days 00:00:24.918000,NOR,3.0
NOR,0 days 00:01:30.860000,0 days 00:00:29.314000,0 days 00:00:36.786000,0 days 00:00:24.760000,NOR,3.0
NOR,0 days 00:01:31.176000,0 days 00:00:29.451000,0 days 00:00:36.841000,0 days 00:00:24.884000,NOR,3.0
NOR,0 days 00:01:31.629000,0 days 00:00:29.489000,0 days 00:00:36.747000,0 days 00:00:25.393000,NOR,3.0
NOR,0 days 00:01:34.307000,0 days 00:00:29.696000,0 days 00:00:38.185000,0 days 00:00:26.426000,NOR,3.0
NOR,0 days 00:01:41.515000,0 days 00:00:30.452000,0 days 00:00:42.458000,0 days 00:00:28.605000,NOR,3.0
NOR,0 days 00:01:44.806000,0 days 00:00:32.069000,0 days 00:00:45.057000,0 days 00:00:27.680000,NOR,3.0
NOR,0 days 00:02:00.915000,0 days 00:00:52.053000,0 days 00:00:40.758000,0 days 00:00:28.104000,NOR,3.0
NOR,0 days 00:01:40.266000,0 days 00:00:31.594000,0 days 00:00:40.610000,0 days 00:00:28.062000,NOR,3.0
NOR,0 days 00:01:40.717000,0 days 00:00:31.980000,0 days 00:00:40.583000,0 days 00:00:28.154000,NOR,3.0
NOR,0 days 00:01:41.313000,0 days 00:00:31.855000,0 days 00:00:40.682000,0 days 00:00:28.776000,NOR,3.0
NOR,0 days 00:01:42.216000,0 days 00:00:32.262000,0 days 00:00:41.072000,0 days 00:00:28.882000,NOR,3.0
NOR,0 days 00:01:42.607000,0 days 00:00:32.409000,0 days 00:00:41.234000,0 days 00:00:28.964000,NOR,3.0
NOR,0 days 00:01:43.078000,0 days 00:00:32.496000,0 days 00:00:41.716000,0 days 00:00:28.866000,NOR,3.0
NOR,0 days 00:01:42.935000,0 days 00:00:32.639000,0 days 00:00:41.786000,0 days 00:00:28.510000,NOR,3.0
NOR,0 days 00:01:42.340000,0 days 00:00:32.530000,0 days 00:00:42.138000,0 days 00:00:27.672000,NOR,3.0
NOR,0 days 00:01:39.786000,0 days 00:00:31.936000,0 days 00:00:40.846000,0 days 00:00:27.004000,NOR,3.0
NOR,0 days 00:01:37.999000,0 days 00:00:31.328000,0 days 00:00:39.844000,0 days 00:00:26.827000,NOR,3.0
NOR,0 days 00:01:36.746000,0 days 00:00:31.241000,0 days 00:00:39.866000,0 days 00:00:25.639000,NOR,3.0
NOR,0 days 00:01:54.840000,0 days 00:00:52.596000,0 days 00:00:37.147000,0 days 00:00:25.097000,NOR,3.0
NOR,0 days 00:01:29.733000,0 days 00:00:28.786000,0 days 00:00:36.307000,0 days 00:00:24.640000,NOR,3.0
NOR,0 days 00:01:30.006000,0 days 00:00:28.934000,0 days 00:00:36.462000,0 days 00:00:24.610000,NOR,3.0
NOR,0 days 00:01:29.262000,0 days 00:00:28.826000,0 days 00:00:35.997000,0 days 00:00:24.439000,NOR,3.0
NOR,0 days 00:01:29.752000,0 days 00:00:29.102000,0 days 00:00:36.086000,0 days 00:00:24.564000,NOR,3.0
NOR,0 days 00:01:29.635000,0 days 00:00:29.062000,0 days 00:00:35.883000,0 days 00:00:24.690000,NOR,3.0
NOR,0 days 00:01:29.960000,0 days 00:00:29.406000,0 days 00:00:36.099000,0 days 00:00:24.455000,NOR,3.0
NOR,0 days 00:01:29.838000,0 days 00:00:29.118000,0 days 00:00:36.187000,0 days 00:00:24.533000,NOR,3.0
NOR,0 days 00:01:30.556000,0 days 00:00:29.274000,0 days 00:00:36.196000,0 days 00:00:25.086000,NOR,3.0
NOR,0 days 00:01:30.515000,0 days 00:00:29.176000,0 days 00:00:36.639000,0 days 00:00:24.700000,NOR,3.0
NOR,0 days 00:01:30.544000,0 days 00:00:29.399000,0 days 00:00:36.445000,0 days 00:00:24.700000,NOR,3.0
NOR,0 days 00:01:30.769000,0 days 00:00:29.324000,0 days 00:00:36.576000,0 days 00:00:24.869000,NOR,3.0
NOR,0 days 00:01:30.913000,0 days 00:00:29.626000,0 days 00:00:36.650000,0 days 00:00:24.637000,NOR,3.0
PIA,0 days 00:01:32.361000,0 days 00:00:29.489000,0 days 00:00:37.642000,0 days 00:00:25.230000,PIA,4.0
PIA,0 days 00:01:31.927000,0 days 00:00:29.310000,0 days 00:00:37.490000,0 days 00:00:25.127000,PIA,4.0
PIA,0 days 00:01:31.919000,0 days 00:00:29.458000,0 days 00:00:37.348000,0 days 00:00:25.113000,PIA,4.0
PIA,0 days 00:01:31.832000,0 days 00:00:29.512000,0 days 00:00:37.243000,0 days 00:00:25.077000,PIA,4.0
PIA,0 days 00:01:32.062000,0 days 00:00:29.435000,0 days 00:00:37.476000,0 days 00:00:25.151000,PIA,4.0
PIA,0 days 00:01:31.925000,0 days 00:00:29.335000,0 days 00:00:37.322000,0 days 00:00:25.268000,PIA,4.0
PIA,0 days 00:01:31.994000,0 days 00:00:29.386000,0 days 00:00:37.379000,0 days 00:00:25.229000,PIA,4.0
PIA,0 days 00:01:32,0 days 00:00:29.400000,0 days 00:00:37.367000,0 days 00:00:25.233000,PIA,4.0
PIA,0 days 00:01:31.811000,0 days 00:00:29.434000,0 days 00:00:37.177000,0 days 00:00:25.200000,PIA,4.0
PIA,0 days 00:01:31.855000,0 days 00:00:29.307000,0 days 00:00:37.358000,0 days 00:00:25.190000,PIA,4.0
PIA,0 days 00:01:31.663000,0 days 00:00:29.332000,0 days 00:00:37.234000,0 days 00:00:25.097000,PIA,4.0
PIA,0 days 00:01:31.896000,0 days 00:00:29.392000,0 days 00:00:37.143000,0 days 00:00:25.361000,PIA,4.0
PIA,0 days 00:01:31.697000,0 days 00:00:29.500000,0 days 00:00:37.026000,0 days 00:00:25.171000,PIA,4.0
PIA,0 days 00:01:31.514000,0 days 00:00:29.511000,0 days 00:00:36.888000,0 days 00:00:25.115000,PIA,4.0
PIA,0 days 00:01:32.118000,0 days 00:00:29.406000,0 days 00:00:36.933000,0 days 00:00:25.779000,PIA,4.0
PIA,0 days 00:01:33.988000,0 days 00:00:29.302000,0 days 00:00:37.316000,0 days 00:00:27.370000,PIA,4.0
PIA,0 days 00:01:34.269000,0 days 00:00:29.775000,0 days 00:00:37.250000,0 days 00:00:27.244000,PIA,4.0
PIA,0 days 00:01:40.728000,0 days 00:00:32.515000,0 days 00:00:40.679000,0 days 00:00:27.534000,PIA,4.0
PIA,0 days 00:01:37.348000,0 days 00:00:31.957000,0 days 00:00:39.140000,0 days 00:00:26.251000,PIA,4.0
PIA,0 days 00:01:31.819000,0 days 00:00:29.575000,0 days 00:00:37.215000,0 days 00:00:25.029000,PIA,4.0
PIA,0 days 00:01:31.169000,0 days 00:00:29.390000,0 days 00:00:36.837000,0 days 00:00:24.942000,PIA,4.0
PIA,0 days 00:01:30.976000,0 days 00:00:29.242000,0 days 00:00:36.868000,0 days 00:00:24.866000,PIA,4.0
PIA,0 days 00:01:31.392000,0 days 00:00:29.283000,0 days 00:00:36.788000,0 days 00:00:25.321000,PIA,4.0
PIA,0 days 00:01:34.271000,0 days 00:00:29.795000,0 days 00:00:38.187000,0 days 00:00:26.289000,PIA,4.0
PIA,0 days 00:01:40.622000,0 days 00:00:30.271000,0 days 00:00:41.787000,0 days 00:00:28.564000,PIA,4.0
PIA,0 days 00:01:49.747000,0 days 00:00:31.760000,0 days 00:00:45.560000,0 days 00:00:32.427000,PIA,4.0
PIA,0 days 00:01:52.976000,0 days 00:00:36.245000,0 days 00:00:47.881000,0 days 00:00:28.850000,PIA,4.0
PIA,0 days 00:02:01.184000,0 days 00:00:52.621000,0 days 00:00:40.509000,0 days 00:00:28.054000,PIA,4.0
PIA,0 days 00:01:40.492000,0 days 00:00:31.712000,0 days 00:00:40.727000,0 days 00:00:28.053000,PIA,4.0
PIA,0 days 00:01:42.161000,0 days 00:00:31.932000,0 days 00:00:41.097000,0 days 00:00:29.132000,PIA,4.0
PIA,0 days 00:01:43.137000,0 days 00:00:32.298000,0 days 00:00:41.539000,0 days 00:00:29.300000,PIA,4.0
PIA,0 days 00:01:43.325000,0 days 00:00:32.527000,0 days 00:00:41.286000,0 days 00:00:29.512000,PIA,4.0
PIA,0 days 00:01:43.954000,0 days 00:00:32.562000,0 days 00:00:41.561000,0 days 00:00:29.831000,PIA,4.0
PIA,0 days 00:01:43.309000,0 days 00:00:32.603000,0 days 00:00:42.066000,0 days 00:00:28.640000,PIA,4.0
PIA,0 days 00:01:42.520000,0 days 00:00:32.217000,0 days 00:00:42.282000,0 days 00:00:28.021000,PIA,4.0
PIA,0 days 00:01:39.635000,0 days 00:00:31.659000,0 days 00:00:40.593000,0 days 00:00:27.383000,PIA,4.0
PIA,0 days 00:01:37.106000,0 days 00:00:31.419000,0 days 00:00:39.774000,0 days 00:00:25.913000,PIA,4.0
PIA,0 days 00:01:54.658000,0 days 00:00:52.129000,0 days 00:00:37.224000,0 days 00:00:25.305000,PIA,4.0
PIA,0 days 00:01:29.913000,0 days 00:00:28.982000,0 days 00:00:36.255000,0 days 00:00:24.676000,PIA,4.0
PIA,0 days 00:01:29.574000,0 days 00:00:28.853000,0 days 00:00:35.989000,0 days 00:00:24.732000,PIA,4.0
PIA,0 days 00:01:29.581000,0 days 00:00:28.933000,0 days 00:00:36.002000,0 days 00:00:24.646000,PIA,4.0
PIA,0 days 00:01:29.286000,0 days 00:00:29.072000,0 days 00:00:35.759000,0 days 00:00:24.455000,PIA,4.0
PIA,0 days 00:01:29.221000,0 days 00:00:29.001000,0 days 00:00:35.816000,0 days 00:00:24.404000,PIA,4.0
PIA,0 days 00:01:29.222000,0 days 00:00:29.038000,0 days 00:00:35.754000,0 days 00:00:24.430000,PIA,4.0
PIA,0 days 00:01:29.233000,0 days 00:00:29.120000,0 days 00:00:35.817000,0 days 00:00:24.296000,PIA,4.0
PIA,0 days 00:01:29.049000,0 days 00:00:28.946000,0 days 00:00:35.830000,0 days 00:00:24.273000,PIA,4.0
PIA,0 days 00:01:29.124000,0 days 00:00:28.937000,0 days 00:00:35.851000,0 days 00:00:24.336000,PIA,4.0
PIA,0 days 00:01:29.283000,0 days 00:00:29.008000,0 days 00:00:35.970000,0 days 00:00:24.305000,PIA,4.0
PIA,0 days 00:01:29.958000,0 days 00:00:28.958000,0 days 00:00:36.072000,0 days 00:00:24.928000,PIA,4.0
PIA,0 days 00:01:28.748000,0 days 00:00:28.871000,0 days 00:00:35.704000,0 days 00:00:24.173000,PIA,4.0
PIA,0 days 00:01:29.928000,0 days 00:00:29.094000,0 days 00:00:35.999000,0 days 00:00:24.835000,PIA,4.0
SAI,0 days 00:01:32.359000,0 days 00:00:29.435000,0 days 00:00:37.736000,0 days 00:00:25.188000,SAI,5.0
SAI,0 days 00:01:32.102000,0 days 00:00:29.321000,0 days 00:00:37.663000,0 days 00:00:25.118000,SAI,5.0
SAI,0 days 00:01:32.045000,0 days 00:00:29.360000,0 days 00:00:37.633000,0 days 00:00:25.052000,SAI,5.0
SAI,0 days 00:01:31.939000,0 days 00:00:29.331000,0 days 00:00:37.591000,0 days 00:00:25.017000,SAI,5.0
SAI,0 days 00:01:31.900000,0 days 00:00:29.439000,0 days 00:00:37.353000,0 days 00:00:25.108000,SAI,5.0
SAI,0 days 00:01:32.702000,0 days 00:00:29.762000,0 days 00:00:37.509000,0 days 00:00:25.431000,SAI,5.0
SAI,0 days 00:01:32.372000,0 days 00:00:29.672000,0 days 00:00:37.336000,0 days 00:00:25.364000,SAI,5.0
SAI,0 days 00:01:32.484000,0 days 00:00:29.752000,0 days 00:00:37.337000,0 days 00:00:25.395000,SAI,5.0
SAI,0 days 00:01:32.362000,0 days 00:00:29.680000,0 days 00:00:37.376000,0 days 00:00:25.306000,SAI,5.0
SAI,0 days 00:01:32.123000,0 days 00:00:29.493000,0 days 00:00:37.367000,0 days 00:00:25.263000,SAI,5.0
SAI,0 days 00:01:32.358000,0 days 00:00:29.645000,0 days 00:00:37.317000,0 days 00:00:25.396000,SAI,5.0
SAI,0 days 00:01:32.251000,0 days 00:00:29.646000,0 days 00:00:37.287000,0 days 00:00:25.318000,SAI,5.0
SAI,0 days 00:01:32.106000,0 days 00:00:29.553000,0 days 00:00:37.357000,0 days 00:00:25.196000,SAI,5.0
SAI,0 days 00:01:31.916000,0 days 00:00:29.616000,0 days 00:00:37.240000,0 days 00:00:25.060000,SAI,5.0
SAI,0 days 00:01:32.455000,0 days 00:00:29.680000,0 days 00:00:37.234000,0 days 00:00:25.541000,SAI,5.0
SAI,0 days 00:01:34.228000,0 days 00:00:29.613000,0 days 00:00:37.444000,0 days 00:00:27.171000,SAI,5.0
SAI,0 days 00:01:34.310000,0 days 00:00:29.965000,0 days 00:00:37.529000,0 days 00:00:26.816000,SAI,5.0
SAI,0 days 00:01:40.510000,0 days 00:00:33.076000,0 days 00:00:40.106000,0 days 00:00:27.328000,SAI,5.0
SAI,0 days 00:01:36.538000,0 days 00:00:31.652000,0 days 00:00:38.765000,0 days 00:00:26.121000,SAI,5.0
SAI,0 days 00:01:33.507000,0 days 00:00:29.930000,0 days 00:00:38.019000,0 days 00:00:25.558000,SAI,5.0
SAI,0 days 00:01:32.157000,0 days 00:00:29.792000,0 days 00:00:37.213000,0 days 00:00:25.152000,SAI,5.0
SAI,0 days 00:01:32.297000,0 days 00:00:29.615000,0 days 00:00:37.333000,0 days 00:00:25.349000,SAI,5.0
SAI,0 days 00:01:32.734000,0 days 00:00:29.452000,0 days 00:00:37.358000,0 days 00:00:25.924000,SAI,5.0
SAI,0 days 00:01:35.143000,0 days 00:00:29.847000,0 days 00:00:38.623000,0 days 00:00:26.673000,SAI,5.0
SAI,0 days 00:01:42.481000,0 days 00:00:30.838000,0 days 00:00:44.415000,0 days 00:00:27.228000,SAI,5.0
SAI,0 days 00:02:01.664000,0 days 00:00:52.019000,0 days 00:00:41.298000,0 days 00:00:28.347000,SAI,5.0
SAI,0 days 00:01:42.641000,0 days 00:00:32.526000,0 days 00:00:41.298000,0 days 00:00:28.817000,SAI,5.0
SAI,0 days 00:01:42.447000,0 days 00:00:32.306000,0 days 00:00:41.381000,0 days 00:00:28.760000,SAI,5.0
SAI,0 days 00:01:42.737000,0 days 00:00:32.367000,0 days 00:00:41.540000,0 days 00:00:28.830000,SAI,5.0
SAI,0 days 00:01:43.007000,0 days 00:00:32.343000,0 days 00:00:41.618000,0 days 00:00:29.046000,SAI,5.0
SAI,0 days 00:01:43.298000,0 days 00:00:32.379000,0 days 00:00:41.627000,0 days 00:00:29.292000,SAI,5.0
SAI,0 days 00:01:43.201000,0 days 00:00:32.248000,0 days 00:00:41.779000,0 days 00:00:29.174000,SAI,5.0
SAI,0 days 00:01:42.794000,0 days 00:00:32.229000,0 days 00:00:41.713000,0 days 00:00:28.852000,SAI,5.0
SAI,0 days 00:01:43.590000,0 days 00:00:32.466000,0 days 00:00:42.505000,0 days 00:00:28.619000,SAI,5.0
SAI,0 days 00:01:42.748000,0 days 00:00:32.172000,0 days 00:00:42.765000,0 days 00:00:27.811000,SAI,5.0
SAI,0 days 00:01:40.432000,0 days 00:00:31.728000,0 days 00:00:41.435000,0 days 00:00:27.269000,SAI,5.0
SAI,0 days 00:01:38.370000,0 days 00:00:31.076000,0 days 00:00:40.107000,0 days 00:00:27.187000,SAI,5.0
SAI,0 days 00:01:36.802000,0 days 00:00:31.069000,0 days 00:00:39.956000,0 days 00:00:25.777000,SAI,5.0
SAI,0 days 00:01:56.753000,0 days 00:00:52.978000,0 days 00:00:37.934000,0 days 00:00:25.841000,SAI,5.0
SAI,0 days 00:01:30.475000,0 days 00:00:28.813000,0 days 00:00:36.465000,0 days 00:00:25.197000,SAI,5.0
SAI,0 days 00:01:29.872000,0 days 00:00:28.807000,0 days 00:00:36.195000,0 days 00:00:24.870000,SAI,5.0
SAI,0 days 00:01:29.872000,0 days 00:00:28.887000,0 days 00:00:36.289000,0 days 00:00:24.696000,SAI,5.0
SAI,0 days 00:01:29.739000,0 days 00:00:28.895000,0 days 00:00:36.304000,0 days 00:00:24.540000,SAI,5.0
SAI,0 days 00:01:29.589000,0 days 00:00:29.004000,0 days 00:00:36.031000,0 days 00:00:24.554000,SAI,5.0
SAI,0 days 00:01:29.588000,0 days 00:00:29.071000,0 days 00:00:36.117000,0 days 00:00:24.400000,SAI,5.0
SAI,0 days 00:01:29.553000,0 days 00:00:28.946000,0 days 00:00:36.166000,0 days 00:00:24.441000,SAI,5.0
SAI,0 days 00:01:29.415000,0 days 00:00:29.057000,0 days 00:00:36.072000,0 days 00:00:24.286000,SAI,5.0
SAI,0 days 00:01:29.439000,0 days 00:00:28.943000,0 days 00:00:36.097000,0 days 00:00:24.399000,SAI,5.0
SAI,0 days 00:01:29.434000,0 days 00:00:28.907000,0 days 00:00:35.875000,0 days 00:00:24.652000,SAI,5.0
SAI,0 days 00:01:52.546000,0 days 00:00:49.714000,0 days 00:00:37.481000,0 days 00:00:25.351000,SAI,5.0
SAI,0 days 00:01:28.293000,0 days 00:00:28.550000,0 days 00:00:35.619000,0 days 00:00:24.124000,SAI,5.0
HUL,0 days 00:01:32.844000,0 days 00:00:29.458000,0 days 00:00:38.023000,0 days 00:00:25.363000,HUL,6.0
HUL,0 days 00:01:32.605000,0 days 00:00:29.476000,0 days 00:00:37.758000,0 days 00:00:25.371000,HUL,6.0
HUL,0 days 00:01:32.563000,0 days 00:00:29.462000,0 days 00:00:37.808000,0 days 00:00:25.293000,HUL,6.0
HUL,0 days 00:01:32.768000,0 days 00:00:29.542000,0 days 00:00:37.704000,0 days 00:00:25.522000,HUL,6.0
HUL,0 days 00:01:32.697000,0 days 00:00:29.525000,0 days 00:00:37.613000,0 days 00:00:25.559000,HUL,6.0
HUL,0 days 00:01:32.733000,0 days 00:00:29.612000,0 days 00:00:37.753000,0 days 00:00:25.368000,HUL,6.0
HUL,0 days 00:01:32.802000,0 days 00:00:29.549000,0 days 00:00:37.819000,0 days 00:00:25.434000,HUL,6.0
HUL,0 days 00:01:32.396000,0 days 00:00:29.547000,0 days 00:00:37.479000,0 days 00:00:25.370000,HUL,6.0
HUL,0 days 00:01:32.439000,0 days 00:00:29.470000,0 days 00:00:37.601000,0 days 00:00:25.368000,HUL,6.0
HUL,0 days 00:01:32.428000,0 days 00:00:29.466000,0 days 00:00:37.561000,0 days 00:00:25.401000,HUL,6.0
HUL,0 days 00:01:32.401000,0 days 00:00:29.544000,0 days 00:00:37.620000,0 days 00:00:25.237000,HUL,6.0
HUL,0 days 00:01:32.468000,0 days 00:00:29.514000,0 days 00:00:37.563000,0 days 00:00:25.391000,HUL,6.0
HUL,0 days 00:01:32.621000,0 days 00:00:29.547000,0 days 00:00:37.705000,0 days 00:00:25.369000,HUL,6.0
HUL,0 days 00:01:32.672000,0 days 00:00:29.600000,0 days 00:00:37.684000,0 days 00:00:25.388000,HUL,6.0
HUL,0 days 00:01:33.194000,0 days 00:00:29.588000,0 days 00:00:37.671000,0 days 00:00:25.935000,HUL,6.0
HUL,0 days 00:01:35.447000,0 days 00:00:29.611000,0 days 00:00:37.972000,0 days 00:00:27.864000,HUL,6.0
HUL,0 days 00:01:35.834000,0 days 00:00:30.157000,0 days 00:00:38.039000,0 days 00:00:27.638000,HUL,6.0
HUL,0 days 00:01:45.752000,0 days 00:00:35.421000,0 days 00:00:42.211000,0 days 00:00:28.120000,HUL,6.0
HUL,0 days 00:01:37.529000,0 days 00:00:31.584000,0 days 00:00:39.768000,0 days 00:00:26.177000,HUL,6.0
HUL,0 days 00:01:32.649000,0 days 00:00:29.638000,0 days 00:00:37.668000,0 days 00:00:25.343000,HUL,6.0
HUL,0 days 00:01:32.233000,0 days 00:00:29.458000,0 days 00:00:37.190000,0 days 00:00:25.585000,HUL,6.0
HUL,0 days 00:01:32.612000,0 days 00:00:29.586000,0 days 00:00:37.319000,0 days 00:00:25.707000,HUL,6.0
HUL,0 days 00:01:33.352000,0 days 00:00:29.702000,0 days 00:00:37.802000,0 days 00:00:25.848000,HUL,6.0
HUL,0 days 00:01:35.918000,0 days 00:00:29.955000,0 days 00:00:38.937000,0 days 00:00:27.026000,HUL,6.0
HUL,0 days 00:01:41.853000,0 days 00:00:30.434000,0 days 00:00:44.465000,0 days 00:00:26.954000,HUL,6.0
HUL,0 days 00:02:02.727000,0 days 00:00:52.409000,0 days 00:00:41.898000,0 days 00:00:28.420000,HUL,6.0
HUL,0 days 00:01:41.897000,0 days 00:00:31.639000,0 days 00:00:41.887000,0 days 00:00:28.371000,HUL,6.0
HUL,0 days 00:01:42.641000,0 days 00:00:32.158000,0 days 00:00:41.809000,0 days 00:00:28.674000,HUL,6.0
HUL,0 days 00:01:42.811000,0 days 00:00:32.078000,0 days 00:00:41.659000,0 days 00:00:29.074000,HUL,6.0
HUL,0 days 00:01:43.274000,0 days 00:00:32.172000,0 days 00:00:41.891000,0 days 00:00:29.211000,HUL,6.0
HUL,0 days 00:01:44.134000,0 days 00:00:32.498000,0 days 00:00:42.207000,0 days 00:00:29.429000,HUL,6.0
HUL,0 days 00:01:43.685000,0 days 00:00:32.347000,0 days 00:00:41.998000,0 days 00:00:29.340000,HUL,6.0
HUL,0 days 00:01:44.263000,0 days 00:00:32.706000,0 days 00:00:42.634000,0 days 00:00:28.923000,HUL,6.0
HUL,0 days 00:01:44.042000,0 days 00:00:32.661000,0 days 00:00:42.837000,0 days 00:00:28.544000,HUL,6.0
HUL,0 days 00:01:43.044000,0 days 00:00:32.248000,0 days 00:00:42.618000,0 days 00:00:28.178000,HUL,6.0
HUL,0 days 00:01:40.657000,0 days 00:00:31.620000,0 days 00:00:41.483000,0 days 00:00:27.554000,HUL,6.0
HUL,0 days 00:01:38.854000,0 days 00:00:31.437000,0 days 00:00:40.207000,0 days 00:00:27.210000,HUL,6.0
HUL,0 days 00:01:37.245000,0 days 00:00:31.423000,0 days 00:00:40.045000,0 days 00:00:25.777000,HUL,6.0
HUL,0 days 00:01:55.659000,0 days 00:00:52.654000,0 days 00:00:37.571000,0 days 00:00:25.434000,HUL,6.0
HUL,0 days 00:01:31.097000,0 days 00:00:28.991000,0 days 00:00:37.093000,0 days 00:00:25.013000,HUL,6.0
HUL,0 days 00:01:30.701000,0 days 00:00:29.077000,0 days 00:00:36.740000,0 days 00:00:24.884000,HUL,6.0
HUL,0 days 00:01:29.836000,0 days 00:00:28.896000,0 days 00:00:36.274000,0 days 00:00:24.666000,HUL,6.0
HUL,0 days 00:01:30.392000,0 days 00:00:29.116000,0 days 00:00:36.564000,0 days 00:00:24.712000,HUL,6.0
HUL,0 days 00:01:30.048000,0 days 00:00:28.987000,0 days 00:00:36.319000,0 days 00:00:24.742000,HUL,6.0
HUL,0 days 00:01:30.185000,0 days 00:00:29.112000,0 days 00:00:36.394000,0 days 00:00:24.679000,HUL,6.0
HUL,0 days 00:01:29.864000,0 days 00:00:29.079000,0 days 00:00:36.157000,0 days 00:00:24.628000,HUL,6.0
HUL,0 days 00:01:30.365000,0 days 00:00:29.221000,0 days 00:00:36.459000,0 days 00:00:24.685000,HUL,6.0
HUL,0 days 00:01:30.371000,0 days 00:00:29.229000,0 days 00:00:36.425000,0 days 00:00:24.717000,HUL,6.0
HUL,0 days 00:01:30.470000,0 days 00:00:29.333000,0 days 00:00:36.312000,0 days 00:00:24.825000,HUL,6.0
HUL,0 days 00:01:30.696000,0 days 00:00:29.416000,0 days 00:00:36.426000,0 days 00:00:24.854000,HUL,6.0
HUL,0 days 00:01:30.847000,0 days 00:00:29.432000,0 days 00:00:36.372000,0 days 00:00:25.043000,HUL,6.0
STR,0 days 00:01:32.683000,0 days 00:00:29.645000,0 days 00:00:37.883000,0 days 00:00:25.155000,STR,7.0
STR,0 days 00:01:32.307000,0 days 00:00:29.333000,0 days 00:00:37.877000,0 days 00:00:25.097000,STR,7.0
STR,0 days 00:01:32.968000,0 days 00:00:29.671000,0 days 00:00:37.788000,0 days 00:00:25.509000,STR,7.0
STR,0 days 00:01:32.706000,0 days 00:00:29.594000,0 days 00:00:37.688000,0 days 00:00:25.424000,STR,7.0
STR,0 days 00:01:32.788000,0 days 00:00:29.483000,0 days 00:00:37.602000,0 days 00:00:25.703000,STR,7.0
STR,0 days 00:01:32.716000,0 days 00:00:29.669000,0 days 00:00:37.576000,0 days 00:00:25.471000,STR,7.0
STR,0 days 00:01:32.648000,0 days 00:00:29.774000,0 days 00:00:37.426000,0 days 00:00:25.448000,STR,7.0
STR,0 days 00:01:32.291000,0 days 00:00:29.643000,0 days 00:00:37.309000,0 days 00:00:25.339000,STR,7.0
STR,0 days 00:01:32.619000,0 days 00:00:29.591000,0 days 00:00:37.450000,0 days 00:00:25.578000,STR,7.0
STR,0 days 00:01:32.273000,0 days 00:00:29.487000,0 days 00:00:37.399000,0 days 00:00:25.387000,STR,7.0
STR,0 days 00:01:32.362000,0 days 00:00:29.552000,0 days 00:00:37.359000,0 days 00:00:25.451000,STR,7.0
STR,0 days 00:01:33.092000,0 days 00:00:29.635000,0 days 00:00:37.403000,0 days 00:00:26.054000,STR,7.0
STR,0 days 00:01:32.641000,0 days 00:00:29.480000,0 days 00:00:37.862000,0 days 00:00:25.299000,STR,7.0
STR,0 days 00:01:32.649000,0 days 00:00:29.475000,0 days 00:00:37.742000,0 days 00:00:25.432000,STR,7.0
STR,0 days 00:01:33.091000,0 days 00:00:29.529000,0 days 00:00:37.695000,0 days 00:00:25.867000,STR,7.0
STR,0 days 00:01:35.713000,0 days 00:00:29.444000,0 days 00:00:38.432000,0 days 00:00:27.837000,STR,7.0
STR,0 days 00:01:35.789000,0 days 00:00:30.294000,0 days 00:00:37.877000,0 days 00:00:27.618000,STR,7.0
STR,0 days 00:01:47.568000,0 days 00:00:35.226000,0 days 00:00:43.466000,0 days 00:00:28.876000,STR,7.0
STR,0 days 00:01:37.491000,0 days 00:00:31.371000,0 days 00:00:39.226000,0 days 00:00:26.894000,STR,7.0
STR,0 days 00:01:33.291000,0 days 00:00:29.652000,0 days 00:00:37.847000,0 days 00:00:25.792000,STR,7.0
STR,0 days 00:01:32.495000,0 days 00:00:29.511000,0 days 00:00:37.482000,0 days 00:00:25.502000,STR,7.0
STR,0 days 00:01:33.062000,0 days 00:00:29.745000,0 days 00:00:37.460000,0 days 00:00:25.857000,STR,7.0
STR,0 days 00:01:34.585000,0 days 00:00:30.202000,0 days 00:00:37.970000,0 days 00:00:26.413000,STR,7.0
STR,0 days 00:01:35.351000,0 days 00:00:29.900000,0 days 00:00:38.721000,0 days 00:00:26.730000,STR,7.0
STR,0 days 00:01:40.784000,0 days 00:00:30.533000,0 days 00:00:43.232000,0 days 00:00:27.019000,STR,7.0
STR,0 days 00:02:01.611000,0 days 00:00:51.897000,0 days 00:00:41.424000,0 days 00:00:28.290000,STR,7.0
STR,0 days 00:01:42.187000,0 days 00:00:31.808000,0 days 00:00:41.676000,0 days 00:00:28.703000,STR,7.0
STR,0 days 00:01:42.992000,0 days 00:00:32.354000,0 days 00:00:41.795000,0 days 00:00:28.843000,STR,7.0
STR,0 days 00:01:43.066000,0 days 00:00:32.288000,0 days 00:00:41.590000,0 days 00:00:29.188000,STR,7.0
STR,0 days 00:01:43.714000,0 days 00:00:32.355000,0 days 00:00:42.140000,0 days 00:00:29.219000,STR,7.0
STR,0 days 00:01:44.545000,0 days 00:00:32.837000,0 days 00:00:42.296000,0 days 00:00:29.412000,STR,7.0
STR,0 days 00:01:44.213000,0 days 00:00:32.781000,0 days 00:00:41.979000,0 days 00:00:29.453000,STR,7.0
STR,0 days 00:01:44.171000,0 days 00:00:32.899000,0 days 00:00:42.051000,0 days 00:00:29.221000,STR,7.0
STR,0 days 00:01:44.422000,0 days 00:00:32.820000,0 days 00:00:42.798000,0 days 00:00:28.804000,STR,7.0
STR,0 days 00:01:43,0 days 00:00:32.334000,0 days 00:00:42.363000,0 days 00:00:28.303000,STR,7.0
STR,0 days 00:01:40.825000,0 days 00:00:31.891000,0 days 00:00:41.183000,0 days 00:00:27.751000,STR,7.0
STR,0 days 00:01:39.373000,0 days 00:00:31.361000,0 days 00:00:40.574000,0 days 00:00:27.438000,STR,7.0
STR,0 days 00:01:37.759000,0 days 00:00:31.395000,0 days 00:00:40.343000,0 days 00:00:26.021000,STR,7.0
STR,0 days 00:01:56.032000,0 days 00:00:51.953000,0 days 00:00:38,0 days 00:00:26.079000,STR,7.0
STR,0 days 00:01:30.098000,0 days 00:00:28.788000,0 days 00:00:36.362000,0 days 00:00:24.948000,STR,7.0
STR,0 days 00:01:30.161000,0 days 00:00:28.734000,0 days 00:00:36.438000,0 days 00:00:24.989000,STR,7.0
STR,0 days 00:01:30.196000,0 days 00:00:28.864000,0 days 00:00:36.431000,0 days 00:00:24.901000,STR,7.0
STR,0 days 00:01:30.030000,0 days 00:00:28.951000,0 days 00:00:36.361000,0 days 00:00:24.718000,STR,7.0
STR,0 days 00:01:30.025000,0 days 00:00:29.054000,0 days 00:00:36.221000,0 days 00:00:24.750000,STR,7.0
STR,0 days 00:01:29.897000,0 days 00:00:28.964000,0 days 00:00:36.312000,0 days 00:00:24.621000,STR,7.0
STR,0 days 00:01:29.925000,0 days 00:00:29.006000,0 days 00:00:36.294000,0 days 00:00:24.625000,STR,7.0
STR,0 days 00:01:30.237000,0 days 00:00:29.160000,0 days 00:00:36.507000,0 days 00:00:24.570000,STR,7.0
STR,0 days 00:01:29.969000,0 days 00:00:29.010000,0 days 00:00:36.366000,0 days 00:00:24.593000,STR,7.0
STR,0 days 00:01:30.030000,0 days 00:00:29.075000,0 days 00:00:36.363000,0 days 00:00:24.592000,STR,7.0
STR,0 days 00:01:30.026000,0 days 00:00:29.052000,0 days 00:00:36.370000,0 days 00:00:24.604000,STR,7.0
STR,0 days 00:01:30.053000,0 days 00:00:29.025000,0 days 00:00:36.298000,0 days 00:00:24.730000,STR,7.0
ALO,0 days 00:01:33.202000,0 days 00:00:29.547000,0 days 00:00:38.343000,0 days 00:00:25.312000,ALO,8.0
ALO,0 days 00:01:32.951000,0 days 00:00:29.481000,0 days 00:00:38.035000,0 days 00:00:25.435000,ALO,8.0
ALO,0 days 00:01:33.192000,0 days 00:00:29.728000,0 days 00:00:37.816000,0 days 00:00:25.648000,ALO,8.0
ALO,0 days 00:01:32.617000,0 days 00:00:29.488000,0 days 00:00:37.643000,0 days 00:00:25.486000,ALO,8.0
ALO,0 days 00:01:32.673000,0 days 00:00:29.595000,0 days 00:00:37.554000,0 days 00:00:25.524000,ALO,8.0
ALO,0 days 00:01:32.712000,0 days 00:00:29.605000,0 days 00:00:37.605000,0 days 00:00:25.502000,ALO,8.0
ALO,0 days 00:01:32.496000,0 days 00:00:29.612000,0 days 00:00:37.519000,0 days 00:00:25.365000,ALO,8.0
ALO,0 days 00:01:32.579000,0 days 00:00:29.634000,0 days 00:00:37.516000,0 days 00:00:25.429000,ALO,8.0
ALO,0 days 00:01:32.741000,0 days 00:00:29.651000,0 days 00:00:37.615000,0 days 00:00:25.475000,ALO,8.0
ALO,0 days 00:01:32.548000,0 days 00:00:29.557000,0 days 00:00:37.617000,0 days 00:00:25.374000,ALO,8.0
ALO,0 days 00:01:32.427000,0 days 00:00:29.553000,0 days 00:00:37.415000,0 days 00:00:25.459000,ALO,8.0
ALO,0 days 00:01:32.517000,0 days 00:00:29.543000,0 days 00:00:37.535000,0 days 00:00:25.439000,ALO,8.0
ALO,0 days 00:01:32.383000,0 days 00:00:29.586000,0 days 00:00:37.348000,0 days 00:00:25.449000,ALO,8.0
ALO,0 days 00:01:32.259000,0 days 00:00:29.565000,0 days 00:00:37.413000,0 days 00:00:25.281000,ALO,8.0
ALO,0 days 00:01:32.590000,0 days 00:00:29.583000,0 days 00:00:37.417000,0 days 00:00:25.590000,ALO,8.0
ALO,0 days 00:01:35.014000,0 days 00:00:29.631000,0 days 00:00:37.985000,0 days 00:00:27.398000,ALO,8.0
ALO,0 days 00:01:35.880000,0 days 00:00:30.038000,0 days 00:00:38.583000,0 days 00:00:27.259000,ALO,8.0
ALO,0 days 00:01:47.270000,0 days 00:00:35.872000,0 days 00:00:42.239000,0 days 00:00:29.159000,ALO,8.0
ALO,0 days 00:01:36.480000,0 days 00:00:31.208000,0 days 00:00:39.108000,0 days 00:00:26.164000,ALO,8.0
ALO,0 days 00:01:32.999000,0 days 00:00:29.680000,0 days 00:00:37.614000,0 days 00:00:25.705000,ALO,8.0
ALO,0 days 00:01:32.673000,0 days 00:00:29.437000,0 days 00:00:37.493000,0 days 00:00:25.743000,ALO,8.0
ALO,0 days 00:01:32.593000,0 days 00:00:29.686000,0 days 00:00:37.212000,0 days 00:00:25.695000,ALO,8.0
ALO,0 days 00:01:34.088000,0 days 00:00:29.949000,0 days 00:00:37.836000,0 days 00:00:26.303000,ALO,8.0
ALO,0 days 00:01:35.687000,0 days 00:00:29.912000,0 days 00:00:38.985000,0 days 00:00:26.790000,ALO,8.0
ALO,0 days 00:01:43.618000,0 days 00:00:30.688000,0 days 00:00:43.186000,0 days 00:00:29.744000,ALO,8.0
ALO,0 days 00:01:48.513000,0 days 00:00:32.455000,0 days 00:00:47.512000,0 days 00:00:28.546000,ALO,8.0
ALO,0 days 00:02:04.427000,0 days 00:00:52.917000,0 days 00:00:41.822000,0 days 00:00:29.688000,ALO,8.0
ALO,0 days 00:01:43.072000,0 days 00:00:32.901000,0 days 00:00:41.517000,0 days 00:00:28.654000,ALO,8.0
ALO,0 days 00:01:42.577000,0 days 00:00:32.527000,0 days 00:00:41.847000,0 days 00:00:28.203000,ALO,8.0
ALO,0 days 00:01:42.796000,0 days 00:00:32.417000,0 days 00:00:41.530000,0 days 00:00:28.849000,ALO,8.0
ALO,0 days 00:01:43.690000,0 days 00:00:32.451000,0 days 00:00:42.017000,0 days 00:00:29.222000,ALO,8.0
ALO,0 days 00:01:44.262000,0 days 00:00:32.690000,0 days 00:00:42.065000,0 days 00:00:29.507000,ALO,8.0
ALO,0 days 00:01:44.375000,0 days 00:00:32.987000,0 days 00:00:42.109000,0 days 00:00:29.279000,ALO,8.0
ALO,0 days 00:01:44.251000,0 days 00:00:32.897000,0 days 00:00:42.599000,0 days 00:00:28.755000,ALO,8.0
ALO,0 days 00:01:42.513000,0 days 00:00:32.485000,0 days 00:00:41.834000,0 days 00:00:28.194000,ALO,8.0
ALO,0 days 00:01:40.747000,0 days 00:00:32.089000,0 days 00:00:41.001000,0 days 00:00:27.657000,ALO,8.0
ALO,0 days 00:01:38.684000,0 days 00:00:31.784000,0 days 00:00:40.546000,0 days 00:00:26.354000,ALO,8.0
ALO,0 days 00:01:59.234000,0 days 00:00:53.337000,0 days 00:00:39.697000,0 days 00:00:26.200000,ALO,8.0
ALO,0 days 00:01:31.146000,0 days 00:00:29.107000,0 days 00:00:36.952000,0 days 00:00:25.087000,ALO,8.0
ALO,0 days 00:01:30.594000,0 days 00:00:28.694000,0 days 00:00:36.912000,0 days 00:00:24.988000,ALO,8.0
ALO,0 days 00:01:30.167000,0 days 00:00:28.958000,0 days 00:00:36.368000,0 days 00:00:24.841000,ALO,8.0
ALO,0 days 00:01:30.098000,0 days 00:00:29.019000,0 days 00:00:36.291000,0 days 00:00:24.788000,ALO,8.0
ALO,0 days 00:01:29.930000,0 days 00:00:28.979000,0 days 00:00:36.260000,0 days 00:00:24.691000,ALO,8.0
ALO,0 days 00:01:29.871000,0 days 00:00:28.986000,0 days 00:00:36.206000,0 days 00:00:24.679000,ALO,8.0
ALO,0 days 00:01:29.753000,0 days 00:00:29.004000,0 days 00:00:36.126000,0 days 00:00:24.623000,ALO,8.0
ALO,0 days 00:01:29.710000,0 days 00:00:29.031000,0 days 00:00:36.094000,0 days 00:00:24.585000,ALO,8.0
ALO,0 days 00:01:30.114000,0 days 00:00:29.150000,0 days 00:00:36.302000,0 days 00:00:24.662000,ALO,8.0
ALO,0 days 00:01:30.700000,0 days 00:00:29.108000,0 days 00:00:36.687000,0 days 00:00:24.905000,ALO,8.0
ALO,0 days 00:01:30.727000,0 days 00:00:29.212000,0 days 00:00:36.699000,0 days 00:00:24.816000,ALO,8.0
ALO,0 days 00:01:30.592000,0 days 00:00:29.120000,0 days 00:00:36.591000,0 days 00:00:24.881000,ALO,8.0
ALO,0 days 00:01:31.430000,0 days 00:00:29.311000,0 days 00:00:37.163000,0 days 00:00:24.956000,ALO,8.0
ALB,0 days 00:01:33.158000,0 days 00:00:29.620000,0 days 00:00:38.091000,0 days 00:00:25.447000,ALB,9.0
ALB,0 days 00:01:33.373000,0 days 00:00:29.733000,0 days 00:00:38.034000,0 days 00:00:25.606000,ALB,9.0
ALB,0 days 00:01:33.059000,0 days 00:00:29.543000,0 days 00:00:38.062000,0 days 00:00:25.454000,ALB,9.0
ALB,0 days 00:01:32.846000,0 days 00:00:29.783000,0 days 00:00:37.726000,0 days 00:00:25.337000,ALB,9.0
ALB,0 days 00:01:33.014000,0 days 00:00:29.879000,0 days 00:00:37.717000,0 days 00:00:25.418000,ALB,9.0
ALB,0 days 00:01:32.939000,0 days 00:00:29.816000,0 days 00:00:37.648000,0 days 00:00:25.475000,ALB,9.0
ALB,0 days 00:01:32.798000,0 days 00:00:29.718000,0 days 00:00:37.603000,0 days 00:00:25.477000,ALB,9.0
ALB,0 days 00:01:32.933000,0 days 00:00:29.786000,0 days 00:00:37.646000,0 days 00:00:25.501000,ALB,9.0
ALB,0 days 00:01:33.073000,0 days 00:00:29.765000,0 days 00:00:37.679000,0 days 00:00:25.629000,ALB,9.0
ALB,0 days 00:01:32.981000,0 days 00:00:29.810000,0 days 00:00:37.723000,0 days 00:00:25.448000,ALB,9.0
ALB,0 days 00:01:32.567000,0 days 00:00:29.743000,0 days 00:00:37.380000,0 days 00:00:25.444000,ALB,9.0
ALB,0 days 00:01:32.769000,0 days 00:00:29.864000,0 days 00:00:37.424000,0 days 00:00:25.481000,ALB,9.0
ALB,0 days 00:01:32.538000,0 days 00:00:29.682000,0 days 00:00:37.413000,0 days 00:00:25.443000,ALB,9.0
ALB,0 days 00:01:32.265000,0 days 00:00:29.539000,0 days 00:00:37.395000,0 days 00:00:25.331000,ALB,9.0
ALB,0 days 00:01:33.178000,0 days 00:00:29.570000,0 days 00:00:37.652000,0 days 00:00:25.956000,ALB,9.0
ALB,0 days 00:01:34.873000,0 days 00:00:29.588000,0 days 00:00:37.832000,0 days 00:00:27.453000,ALB,9.0
ALB,0 days 00:01:35.323000,0 days 00:00:30.198000,0 days 00:00:37.694000,0 days 00:00:27.431000,ALB,9.0
ALB,0 days 00:01:44.619000,0 days 00:00:34.216000,0 days 00:00:41.761000,0 days 00:00:28.642000,ALB,9.0
ALB,0 days 00:01:36.530000,0 days 00:00:31.395000,0 days 00:00:38.624000,0 days 00:00:26.511000,ALB,9.0
ALB,0 days 00:01:33.646000,0 days 00:00:30.170000,0 days 00:00:37.757000,0 days 00:00:25.719000,ALB,9.0
ALB,0 days 00:01:33.086000,0 days 00:00:29.764000,0 days 00:00:37.685000,0 days 00:00:25.637000,ALB,9.0
ALB,0 days 00:01:32.891000,0 days 00:00:29.758000,0 days 00:00:37.613000,0 days 00:00:25.520000,ALB,9.0
ALB,0 days 00:01:33.960000,0 days 00:00:29.631000,0 days 00:00:38.141000,0 days 00:00:26.188000,ALB,9.0
ALB,0 days 00:01:35.612000,0 days 00:00:29.917000,0 days 00:00:38.761000,0 days 00:00:26.934000,ALB,9.0
ALB,0 days 00:01:43.771000,0 days 00:00:30.626000,0 days 00:00:43.153000,0 days 00:00:29.992000,ALB,9.0
ALB,0 days 00:01:47.754000,0 days 00:00:32.341000,0 days 00:00:47.181000,0 days 00:00:28.232000,ALB,9.0
ALB,0 days 00:02:08.459000,0 days 00:00:58.472000,0 days 00:00:41.494000,0 days 00:00:28.493000,ALB,9.0
ALB,0 days 00:01:41.726000,0 days 00:00:32.027000,0 days 00:00:41.290000,0 days 00:00:28.409000,ALB,9.0
ALB,0 days 00:01:43.271000,0 days 00:00:32.255000,0 days 00:00:41.744000,0 days 00:00:29.272000,ALB,9.0
ALB,0 days 00:01:43.229000,0 days 00:00:32.454000,0 days 00:00:41.623000,0 days 00:00:29.152000,ALB,9.0
ALB,0 days 00:01:44.304000,0 days 00:00:32.626000,0 days 00:00:42.125000,0 days 00:00:29.553000,ALB,9.0
ALB,0 days 00:01:44.820000,0 days 00:00:32.729000,0 days 00:00:42.557000,0 days 00:00:29.534000,ALB,9.0
ALB,0 days 00:01:45.216000,0 days 00:00:33.108000,0 days 00:00:42.763000,0 days 00:00:29.345000,ALB,9.0
ALB,0 days 00:01:45.202000,0 days 00:00:33.118000,0 days 00:00:43.020000,0 days 00:00:29.064000,ALB,9.0
ALB,0 days 00:01:43.075000,0 days 00:00:32.953000,0 days 00:00:42.030000,0 days 00:00:28.092000,ALB,9.0
ALB,0 days 00:01:40.273000,0 days 00:00:31.870000,0 days 00:00:40.870000,0 days 00:00:27.533000,ALB,9.0
ALB,0 days 00:01:37.843000,0 days 00:00:31.757000,0 days 00:00:40.227000,0 days 00:00:25.859000,ALB,9.0
ALB,0 days 00:01:57.678000,0 days 00:00:53.115000,0 days 00:00:38.585000,0 days 00:00:25.978000,ALB,9.0
ALB,0 days 00:01:30.889000,0 days 00:00:29.039000,0 days 00:00:36.956000,0 days 00:00:24.894000,ALB,9.0
ALB,0 days 00:01:30.715000,0 days 00:00:28.644000,0 days 00:00:36.947000,0 days 00:00:25.124000,ALB,9.0
ALB,0 days 00:01:30.458000,0 days 00:00:28.921000,0 days 00:00:36.742000,0 days 00:00:24.795000,ALB,9.0
ALB,0 days 00:01:30.126000,0 days 00:00:28.831000,0 days 00:00:36.486000,0 days 00:00:24.809000,ALB,9.0
ALB,0 days 00:01:30.740000,0 days 00:00:28.967000,0 days 00:00:36.502000,0 days 00:00:25.271000,ALB,9.0
ALB,0 days 00:01:30.406000,0 days 00:00:29.201000,0 days 00:00:36.600000,0 days 00:00:24.605000,ALB,9.0
ALB,0 days 00:01:30.234000,0 days 00:00:29.113000,0 days 00:00:36.438000,0 days 00:00:24.683000,ALB,9.0
ALB,0 days 00:01:30.148000,0 days 00:00:29.107000,0 days 00:00:36.306000,0 days 00:00:24.735000,ALB,9.0
ALB,0 days 00:01:30.068000,0 days 00:00:29.132000,0 days 00:00:36.381000,0 days 00:00:24.555000,ALB,9.0
ALB,0 days 00:01:29.960000,0 days 00:00:29.038000,0 days 00:00:36.352000,0 days 00:00:24.570000,ALB,9.0
ALB,0 days 00:01:29.828000,0 days 00:00:29.050000,0 days 00:00:36.201000,0 days 00:00:24.577000,ALB,9.0
ALB,0 days 00:01:29.916000,0 days 00:00:29.163000,0 days 00:00:36.248000,0 days 00:00:24.505000,ALB,9.0
ALB,0 days 00:01:29.718000,0 days 00:00:29.121000,0 days 00:00:36.186000,0 days 00:00:24.411000,ALB,9.0
TSU,0 days 00:01:33.214000,0 days 00:00:29.363000,0 days 00:00:38.489000,0 days 00:00:25.362000,TSU,10.0
TSU,0 days 00:01:33.062000,0 days 00:00:29.476000,0 days 00:00:38.062000,0 days 00:00:25.524000,TSU,10.0
TSU,0 days 00:01:33.164000,0 days 00:00:29.438000,0 days 00:00:38.161000,0 days 00:00:25.565000,TSU,10.0
TSU,0 days 00:01:32.607000,0 days 00:00:29.369000,0 days 00:00:37.878000,0 days 00:00:25.360000,TSU,10.0
TSU,0 days 00:01:32.614000,0 days 00:00:29.345000,0 days 00:00:37.908000,0 days 00:00:25.361000,TSU,10.0
TSU,0 days 00:01:32.817000,0 days 00:00:29.512000,0 days 00:00:37.930000,0 days 00:00:25.375000,TSU,10.0
TSU,0 days 00:01:32.623000,0 days 00:00:29.529000,0 days 00:00:37.831000,0 days 00:00:25.263000,TSU,10.0
TSU,0 days 00:01:32.570000,0 days 00:00:29.490000,0 days 00:00:37.695000,0 days 00:00:25.385000,TSU,10.0
TSU,0 days 00:01:33.438000,0 days 00:00:29.971000,0 days 00:00:37.815000,0 days 00:00:25.652000,TSU,10.0
TSU,0 days 00:01:32.805000,0 days 00:00:29.618000,0 days 00:00:37.695000,0 days 00:00:25.492000,TSU,10.0
TSU,0 days 00:01:32.782000,0 days 00:00:29.613000,0 days 00:00:37.663000,0 days 00:00:25.506000,TSU,10.0
TSU,0 days 00:01:33.031000,0 days 00:00:29.610000,0 days 00:00:37.809000,0 days 00:00:25.612000,TSU,10.0
TSU,0 days 00:01:32.731000,0 days 00:00:29.644000,0 days 00:00:37.560000,0 days 00:00:25.527000,TSU,10.0
TSU,0 days 00:01:32.589000,0 days 00:00:29.660000,0 days 00:00:37.436000,0 days 00:00:25.493000,TSU,10.0
TSU,0 days 00:01:33.209000,0 days 00:00:29.738000,0 days 00:00:37.545000,0 days 00:00:25.926000,TSU,10.0
TSU,0 days 00:01:34.738000,0 days 00:00:29.818000,0 days 00:00:37.734000,0 days 00:00:27.186000,TSU,10.0
TSU,0 days 00:01:35.392000,0 days 00:00:30.274000,0 days 00:00:37.869000,0 days 00:00:27.249000,TSU,10.0
TSU,0 days 00:01:44.585000,0 days 00:00:34.098000,0 days 00:00:41.565000,0 days 00:00:28.922000,TSU,10.0
TSU,0 days 00:01:36.875000,0 days 00:00:31.315000,0 days 00:00:38.986000,0 days 00:00:26.574000,TSU,10.0
TSU,0 days 00:01:33.724000,0 days 00:00:30.003000,0 days 00:00:37.960000,0 days 00:00:25.761000,TSU,10.0
TSU,0 days 00:01:32.681000,0 days 00:00:29.696000,0 days 00:00:37.577000,0 days 00:00:25.408000,TSU,10.0
TSU,0 days 00:01:33.106000,0 days 00:00:29.934000,0 days 00:00:37.548000,0 days 00:00:25.624000,TSU,10.0
TSU,0 days 00:01:34.106000,0 days 00:00:29.812000,0 days 00:00:38.117000,0 days 00:00:26.177000,TSU,10.0
TSU,0 days 00:01:35.473000,0 days 00:00:29.857000,0 days 00:00:38.781000,0 days 00:00:26.835000,TSU,10.0
TSU,0 days 00:01:43.260000,0 days 00:00:30.457000,0 days 00:00:43.030000,0 days 00:00:29.773000,TSU,10.0
TSU,0 days 00:01:48.126000,0 days 00:00:32.036000,0 days 00:00:47.377000,0 days 00:00:28.713000,TSU,10.0
TSU,0 days 00:02:03.448000,0 days 00:00:53.396000,0 days 00:00:41.671000,0 days 00:00:28.381000,TSU,10.0
TSU,0 days 00:01:43.749000,0 days 00:00:33.048000,0 days 00:00:42.020000,0 days 00:00:28.681000,TSU,10.0
TSU,0 days 00:01:42.967000,0 days 00:00:32.292000,0 days 00:00:42.011000,0 days 00:00:28.664000,TSU,10.0
TSU,0 days 00:01:43.355000,0 days 00:00:32.201000,0 days 00:00:41.910000,0 days 00:00:29.244000,TSU,10.0
TSU,0 days 00:01:44.456000,0 days 00:00:32.762000,0 days 00:00:42.205000,0 days 00:00:29.489000,TSU,10.0
TSU,0 days 00:01:44.979000,0 days 00:00:32.818000,0 days 00:00:42.205000,0 days 00:00:29.956000,TSU,10.0
TSU,0 days 00:01:44.923000,0 days 00:00:33.215000,0 days 00:00:42.395000,0 days 00:00:29.313000,TSU,10.0
TSU,0 days 00:01:44.782000,0 days 00:00:32.984000,0 days 00:00:43.231000,0 days 00:00:28.567000,TSU,10.0
TSU,0 days 00:01:42.726000,0 days 00:00:32.477000,0 days 00:00:42.368000,0 days 00:00:27.881000,TSU,10.0
TSU,0 days 00:01:41.098000,0 days 00:00:32.029000,0 days 00:00:41.316000,0 days 00:00:27.753000,TSU,10.0
TSU,0 days 00:01:38.670000,0 days 00:00:32.084000,0 days 00:00:40.851000,0 days 00:00:25.735000,TSU,10.0
TSU,0 days 00:01:58.637000,0 days 00:00:52.591000,0 days 00:00:39.383000,0 days 00:00:26.663000,TSU,10.0
TSU,0 days 00:01:32.318000,0 days 00:00:29.474000,0 days 00:00:37.574000,0 days 00:00:25.270000,TSU,10.0
TSU,0 days 00:01:30.812000,0 days 00:00:28.932000,0 days 00:00:36.687000,0 days 00:00:25.193000,TSU,10.0
TSU,0 days 00:01:30.319000,0 days 00:00:28.893000,0 days 00:00:36.462000,0 days 00:00:24.964000,TSU,10.0
TSU,0 days 00:01:30.229000,0 days 00:00:28.971000,0 days 00:00:36.404000,0 days 00:00:24.854000,TSU,10.0
TSU,0 days 00:01:30.882000,0 days 00:00:29.110000,0 days 00:00:36.404000,0 days 00:00:25.368000,TSU,10.0
TSU,0 days 00:01:31.438000,0 days 00:00:29.287000,0 days 00:00:36.443000,0 days 00:00:25.708000,TSU,10.0
TSU,0 days 00:01:31.688000,0 days 00:00:29.427000,0 days 00:00:37.128000,0 days 00:00:25.133000,TSU,10.0
TSU,0 days 00:01:30.982000,0 days 00:00:29.377000,0 days 00:00:36.625000,0 days 00:00:24.980000,TSU,10.0
TSU,0 days 00:01:31.367000,0 days 00:00:29.412000,0 days 00:00:36.836000,0 days 00:00:25.119000,TSU,10.0
TSU,0 days 00:01:31.080000,0 days 00:00:29.279000,0 days 00:00:36.825000,0 days 00:00:24.976000,TSU,10.0
TSU,0 days 00:01:31.407000,0 days 00:00:29.301000,0 days 00:00:36.927000,0 days 00:00:25.179000,TSU,10.0
TSU,0 days 00:01:31.529000,0 days 00:00:29.524000,0 days 00:00:36.928000,0 days 00:00:25.077000,TSU,10.0
TSU,0 days 00:01:32.090000,0 days 00:00:29.552000,0 days 00:00:36.953000,0 days 00:00:25.585000,TSU,10.0
SAR,0 days 00:01:33.435000,0 days 00:00:29.891000,0 days 00:00:38.219000,0 days 00:00:25.325000,SAR,11.0
SAR,0 days 00:01:33.319000,0 days 00:00:29.594000,0 days 00:00:38.289000,0 days 00:00:25.436000,SAR,11.0
SAR,0 days 00:01:33.110000,0 days 00:00:29.717000,0 days 00:00:38.060000,0 days 00:00:25.333000,SAR,11.0
SAR,0 days 00:01:33.139000,0 days 00:00:29.869000,0 days 00:00:38.177000,0 days 00:00:25.093000,SAR,11.0
SAR,0 days 00:01:32.904000,0 days 00:00:29.746000,0 days 00:00:37.934000,0 days 00:00:25.224000,SAR,11.0
SAR,0 days 00:01:33.002000,0 days 00:00:29.743000,0 days 00:00:37.960000,0 days 00:00:25.299000,SAR,11.0
SAR,0 days 00:01:32.806000,0 days 00:00:29.748000,0 days 00:00:37.767000,0 days 00:00:25.291000,SAR,11.0
SAR,0 days 00:01:33.019000,0 days 00:00:29.793000,0 days 00:00:37.909000,0 days 00:00:25.317000,SAR,11.0
SAR,0 days 00:01:32.956000,0 days 00:00:29.806000,0 days 00:00:37.841000,0 days 00:00:25.309000,SAR,11.0
SAR,0 days 00:01:32.897000,0 days 00:00:29.795000,0 days 00:00:37.803000,0 days 00:00:25.299000,SAR,11.0
SAR,0 days 00:01:32.748000,0 days 00:00:29.723000,0 days 00:00:37.736000,0 days 00:00:25.289000,SAR,11.0
SAR,0 days 00:01:33.040000,0 days 00:00:29.696000,0 days 00:00:37.910000,0 days 00:00:25.434000,SAR,11.0
SAR,0 days 00:01:32.607000,0 days 00:00:29.602000,0 days 00:00:37.636000,0 days 00:00:25.369000,SAR,11.0
SAR,0 days 00:01:32.543000,0 days 00:00:29.769000,0 days 00:00:37.530000,0 days 00:00:25.244000,SAR,11.0
SAR,0 days 00:01:33.701000,0 days 00:00:29.851000,0 days 00:00:37.381000,0 days 00:00:26.469000,SAR,11.0
SAR,0 days 00:01:35.258000,0 days 00:00:29.995000,0 days 00:00:37.945000,0 days 00:00:27.318000,SAR,11.0
SAR,0 days 00:01:34.900000,0 days 00:00:30.152000,0 days 00:00:37.569000,0 days 00:00:27.179000,SAR,11.0
SAR,0 days 00:01:44.090000,0 days 00:00:34.979000,0 days 00:00:40.864000,0 days 00:00:28.247000,SAR,11.0
SAR,0 days 00:01:36.116000,0 days 00:00:31.200000,0 days 00:00:38.791000,0 days 00:00:26.125000,SAR,11.0
SAR,0 days 00:01:33.632000,0 days 00:00:29.923000,0 days 00:00:38.110000,0 days 00:00:25.599000,SAR,11.0
SAR,0 days 00:01:32.826000,0 days 00:00:29.844000,0 days 00:00:37.628000,0 days 00:00:25.354000,SAR,11.0
SAR,0 days 00:01:34.494000,0 days 00:00:30.044000,0 days 00:00:37.984000,0 days 00:00:26.466000,SAR,11.0
SAR,0 days 00:01:34.037000,0 days 00:00:30.050000,0 days 00:00:38.221000,0 days 00:00:25.766000,SAR,11.0
SAR,0 days 00:01:36.166000,0 days 00:00:30.121000,0 days 00:00:39.205000,0 days 00:00:26.840000,SAR,11.0
SAR,0 days 00:01:44.642000,0 days 00:00:31.256000,0 days 00:00:43.400000,0 days 00:00:29.986000,SAR,11.0
SAR,0 days 00:01:52.246000,0 days 00:00:33.083000,0 days 00:00:48.610000,0 days 00:00:30.553000,SAR,11.0
SAR,0 days 00:02:05.981000,0 days 00:00:56.464000,0 days 00:00:40.948000,0 days 00:00:28.569000,SAR,11.0
SAR,0 days 00:01:42.215000,0 days 00:00:32.462000,0 days 00:00:41.236000,0 days 00:00:28.517000,SAR,11.0
SAR,0 days 00:01:42.476000,0 days 00:00:32.298000,0 days 00:00:41.279000,0 days 00:00:28.899000,SAR,11.0
SAR,0 days 00:01:44.332000,0 days 00:00:32.714000,0 days 00:00:42.011000,0 days 00:00:29.607000,SAR,11.0
SAR,0 days 00:01:44.912000,0 days 00:00:32.973000,0 days 00:00:42.251000,0 days 00:00:29.688000,SAR,11.0
SAR,0 days 00:01:45.684000,0 days 00:00:33.062000,0 days 00:00:42.825000,0 days 00:00:29.797000,SAR,11.0
SAR,0 days 00:01:46.095000,0 days 00:00:33.583000,0 days 00:00:43.202000,0 days 00:00:29.310000,SAR,11.0
SAR,0 days 00:01:45.851000,0 days 00:00:33.475000,0 days 00:00:43.543000,0 days 00:00:28.833000,SAR,11.0
SAR,0 days 00:01:43.365000,0 days 00:00:32.793000,0 days 00:00:42.356000,0 days 00:00:28.216000,SAR,11.0
SAR,0 days 00:01:42.207000,0 days 00:00:32.262000,0 days 00:00:41.533000,0 days 00:00:28.412000,SAR,11.0
SAR,0 days 00:01:38.811000,0 days 00:00:31.876000,0 days 00:00:40.438000,0 days 00:00:26.497000,SAR,11.0
SAR,0 days 00:01:56.256000,0 days 00:00:52.810000,0 days 00:00:38.033000,0 days 00:00:25.413000,SAR,11.0
SAR,0 days 00:01:31.353000,0 days 00:00:28.877000,0 days 00:00:36.922000,0 days 00:00:25.554000,SAR,11.0
SAR,0 days 00:01:30.875000,0 days 00:00:28.848000,0 days 00:00:36.901000,0 days 00:00:25.126000,SAR,11.0
SAR,0 days 00:01:29.972000,0 days 00:00:28.810000,0 days 00:00:36.469000,0 days 00:00:24.693000,SAR,11.0
SAR,0 days 00:01:30.162000,0 days 00:00:29.054000,0 days 00:00:36.445000,0 days 00:00:24.663000,SAR,11.0
SAR,0 days 00:01:30.003000,0 days 00:00:29.318000,0 days 00:00:36.546000,0 days 00:00:24.139000,SAR,11.0
SAR,0 days 00:01:30.613000,0 days 00:00:29.234000,0 days 00:00:36.454000,0 days 00:00:24.925000,SAR,11.0
SAR,0 days 00:01:30.826000,0 days 00:00:29.347000,0 days 00:00:36.505000,0 days 00:00:24.974000,SAR,11.0
SAR,0 days 00:01:31.250000,0 days 00:00:29.434000,0 days 00:00:36.797000,0 days 00:00:25.019000,SAR,11.0
SAR,0 days 00:01:31.201000,0 days 00:00:29.500000,0 days 00:00:36.636000,0 days 00:00:25.065000,SAR,11.0
SAR,0 days 00:01:31.175000,0 days 00:00:29.557000,0 days 00:00:36.638000,0 days 00:00:24.980000,SAR,11.0
SAR,0 days 00:01:31.249000,0 days 00:00:29.498000,0 days 00:00:36.691000,0 days 00:00:25.060000,SAR,11.0
SAR,0 days 00:01:31.662000,0 days 00:00:29.836000,0 days 00:00:36.802000,0 days 00:00:25.024000,SAR,11.0
SAR,0 days 00:01:32.088000,0 days 00:00:29.780000,0 days 00:00:37.110000,0 days 00:00:25.198000,SAR,11.0
MAG,0 days 00:01:34.216000,0 days 00:00:29.711000,0 days 00:00:38.986000,0 days 00:00:25.519000,MAG,12.0
MAG,0 days 00:01:33.259000,0 days 00:00:29.600000,0 days 00:00:38.149000,0 days 00:00:25.510000,MAG,12.0
MAG,0 days 00:01:33.110000,0 days 00:00:29.503000,0 days 00:00:38.197000,0 days 00:00:25.410000,MAG,12.0
MAG,0 days 00:01:32.999000,0 days 00:00:29.414000,0 days 00:00:38.020000,0 days 00:00:25.565000,MAG,12.0
MAG,0 days 00:01:33.544000,0 days 00:00:29.700000,0 days 00:00:38.240000,0 days 00:00:25.604000,MAG,12.0
MAG,0 days 00:01:33.734000,0 days 00:00:30.030000,0 days 00:00:38.107000,0 days 00:00:25.597000,MAG,12.0
MAG,0 days 00:01:33.204000,0 days 00:00:29.649000,0 days 00:00:37.996000,0 days 00:00:25.559000,MAG,12.0
MAG,0 days 00:01:32.783000,0 days 00:00:29.654000,0 days 00:00:37.721000,0 days 00:00:25.408000,MAG,12.0
MAG,0 days 00:01:32.647000,0 days 00:00:29.669000,0 days 00:00:37.540000,0 days 00:00:25.438000,MAG,12.0
MAG,0 days 00:01:32.671000,0 days 00:00:29.617000,0 days 00:00:37.630000,0 days 00:00:25.424000,MAG,12.0
MAG,0 days 00:01:32.531000,0 days 00:00:29.664000,0 days 00:00:37.469000,0 days 00:00:25.398000,MAG,12.0
MAG,0 days 00:01:32.740000,0 days 00:00:29.722000,0 days 00:00:37.597000,0 days 00:00:25.421000,MAG,12.0
MAG,0 days 00:01:32.506000,0 days 00:00:29.441000,0 days 00:00:37.546000,0 days 00:00:25.519000,MAG,12.0
MAG,0 days 00:01:32.953000,0 days 00:00:29.612000,0 days 00:00:37.731000,0 days 00:00:25.610000,MAG,12.0
MAG,0 days 00:01:33.486000,0 days 00:00:29.620000,0 days 00:00:37.550000,0 days 00:00:26.316000,MAG,12.0
MAG,0 days 00:01:34.661000,0 days 00:00:29.733000,0 days 00:00:37.886000,0 days 00:00:27.042000,MAG,12.0
MAG,0 days 00:01:34.730000,0 days 00:00:30.032000,0 days 00:00:37.671000,0 days 00:00:27.027000,MAG,12.0
MAG,0 days 00:01:43.505000,0 days 00:00:34.669000,0 days 00:00:40.873000,0 days 00:00:27.963000,MAG,12.0
MAG,0 days 00:01:35.181000,0 days 00:00:30.846000,0 days 00:00:38.248000,0 days 00:00:26.087000,MAG,12.0
MAG,0 days 00:01:33.484000,0 days 00:00:29.867000,0 days 00:00:37.862000,0 days 00:00:25.755000,MAG,12.0
MAG,0 days 00:01:32.766000,0 days 00:00:29.641000,0 days 00:00:37.757000,0 days 00:00:25.368000,MAG,12.0
MAG,0 days 00:01:33.278000,0 days 00:00:29.943000,0 days 00:00:37.918000,0 days 00:00:25.417000,MAG,12.0
MAG,0 days 00:01:33.625000,0 days 00:00:29.826000,0 days 00:00:37.972000,0 days 00:00:25.827000,MAG,12.0
MAG,0 days 00:01:35.150000,0 days 00:00:29.923000,0 days 00:00:38.966000,0 days 00:00:26.261000,MAG,12.0
MAG,0 days 00:01:45.466000,0 days 00:00:30.824000,0 days 00:00:44.649000,0 days 00:00:29.993000,MAG,12.0
MAG,0 days 00:01:51.325000,0 days 00:00:32.341000,0 days 00:00:49.626000,0 days 00:00:29.358000,MAG,12.0
MAG,0 days 00:02:05.299000,0 days 00:00:54.214000,0 days 00:00:42.073000,0 days 00:00:29.012000,MAG,12.0
MAG,0 days 00:01:42.842000,0 days 00:00:33.006000,0 days 00:00:41.454000,0 days 00:00:28.382000,MAG,12.0
MAG,0 days 00:01:42.133000,0 days 00:00:32.197000,0 days 00:00:41.233000,0 days 00:00:28.703000,MAG,12.0
MAG,0 days 00:01:44.060000,0 days 00:00:32.369000,0 days 00:00:42.170000,0 days 00:00:29.521000,MAG,12.0
MAG,0 days 00:01:45.084000,0 days 00:00:32.999000,0 days 00:00:42.275000,0 days 00:00:29.810000,MAG,12.0
MAG,0 days 00:01:45.266000,0 days 00:00:32.600000,0 days 00:00:42.198000,0 days 00:00:30.468000,MAG,12.0
MAG,0 days 00:01:46.135000,0 days 00:00:33.424000,0 days 00:00:42.868000,0 days 00:00:29.843000,MAG,12.0
MAG,0 days 00:01:45.557000,0 days 00:00:32.926000,0 days 00:00:43.409000,0 days 00:00:29.222000,MAG,12.0
MAG,0 days 00:01:43.611000,0 days 00:00:32.486000,0 days 00:00:42.725000,0 days 00:00:28.400000,MAG,12.0
MAG,0 days 00:01:42.038000,0 days 00:00:32.302000,0 days 00:00:42.811000,0 days 00:00:26.925000,MAG,12.0
MAG,0 days 00:02:03.931000,0 days 00:00:55.995000,0 days 00:00:40.862000,0 days 00:00:27.074000,MAG,12.0
MAG,0 days 00:01:33.212000,0 days 00:00:29.463000,0 days 00:00:38.002000,0 days 00:00:25.747000,MAG,12.0
MAG,0 days 00:01:32.071000,0 days 00:00:29.092000,0 days 00:00:37.607000,0 days 00:00:25.372000,MAG,12.0
MAG,0 days 00:01:30.610000,0 days 00:00:28.982000,0 days 00:00:36.768000,0 days 00:00:24.860000,MAG,12.0
MAG,0 days 00:01:30.093000,0 days 00:00:28.933000,0 days 00:00:36.538000,0 days 00:00:24.622000,MAG,12.0
MAG,0 days 00:01:30.454000,0 days 00:00:29.036000,0 days 00:00:36.552000,0 days 00:00:24.866000,MAG,12.0
MAG,0 days 00:01:31.342000,0 days 00:00:29.228000,0 days 00:00:36.595000,0 days 00:00:25.519000,MAG,12.0
MAG,0 days 00:01:31.722000,0 days 00:00:29.874000,0 days 00:00:36.652000,0 days 00:00:25.196000,MAG,12.0
MAG,0 days 00:01:31.131000,0 days 00:00:29.338000,0 days 00:00:36.532000,0 days 00:00:25.261000,MAG,12.0
MAG,0 days 00:01:31.036000,0 days 00:00:29.399000,0 days 00:00:36.601000,0 days 00:00:25.036000,MAG,12.0
MAG,0 days 00:01:30.953000,0 days 00:00:29.356000,0 days 00:00:36.706000,0 days 00:00:24.891000,MAG,12.0
MAG,0 days 00:01:30.803000,0 days 00:00:29.248000,0 days 00:00:36.645000,0 days 00:00:24.910000,MAG,12.0
MAG,0 days 00:01:31.143000,0 days 00:00:29.487000,0 days 00:00:36.683000,0 days 00:00:24.973000,MAG,12.0
MAG,0 days 00:01:31.469000,0 days 00:00:29.456000,0 days 00:00:36.777000,0 days 00:00:25.236000,MAG,12.0
MAG,0 days 00:01:31.982000,0 days 00:00:29.827000,0 days 00:00:37.048000,0 days 00:00:25.107000,MAG,12.0
RIC,0 days 00:01:33.709000,0 days 00:00:29.978000,0 days 00:00:38.417000,0 days 00:00:25.314000,RIC,13.0
RIC,0 days 00:01:33.429000,0 days 00:00:29.623000,0 days 00:00:38.350000,0 days 00:00:25.456000,RIC,13.0
RIC,0 days 00:01:33.253000,0 days 00:00:29.733000,0 days 00:00:38.107000,0 days 00:00:25.413000,RIC,13.0
RIC,0 days 00:01:33.263000,0 days 00:00:29.691000,0 days 00:00:38.171000,0 days 00:00:25.401000,RIC,13.0
RIC,0 days 00:01:33.666000,0 days 00:00:29.619000,0 days 00:00:38.276000,0 days 00:00:25.771000,RIC,13.0
RIC,0 days 00:01:32.952000,0 days 00:00:29.738000,0 days 00:00:37.750000,0 days 00:00:25.464000,RIC,13.0
RIC,0 days 00:01:33.095000,0 days 00:00:29.786000,0 days 00:00:37.740000,0 days 00:00:25.569000,RIC,13.0
RIC,0 days 00:01:32.762000,0 days 00:00:29.737000,0 days 00:00:37.614000,0 days 00:00:25.411000,RIC,13.0
RIC,0 days 00:01:32.721000,0 days 00:00:29.651000,0 days 00:00:37.583000,0 days 00:00:25.487000,RIC,13.0
RIC,0 days 00:01:32.804000,0 days 00:00:29.746000,0 days 00:00:37.680000,0 days 00:00:25.378000,RIC,13.0
RIC,0 days 00:01:32.797000,0 days 00:00:29.722000,0 days 00:00:37.662000,0 days 00:00:25.413000,RIC,13.0
RIC,0 days 00:01:32.880000,0 days 00:00:29.622000,0 days 00:00:37.779000,0 days 00:00:25.479000,RIC,13.0
RIC,0 days 00:01:32.933000,0 days 00:00:29.759000,0 days 00:00:37.682000,0 days 00:00:25.492000,RIC,13.0
RIC,0 days 00:01:33.171000,0 days 00:00:29.731000,0 days 00:00:37.702000,0 days 00:00:25.738000,RIC,13.0
RIC,0 days 00:01:34.437000,0 days 00:00:30.036000,0 days 00:00:38.307000,0 days 00:00:26.094000,RIC,13.0
RIC,0 days 00:01:35.885000,0 days 00:00:29.662000,0 days 00:00:38.406000,0 days 00:00:27.817000,RIC,13.0
RIC,0 days 00:01:36.827000,0 days 00:00:30.315000,0 days 00:00:38.749000,0 days 00:00:27.763000,RIC,13.0
RIC,0 days 00:01:44.922000,0 days 00:00:34.743000,0 days 00:00:41.888000,0 days 00:00:28.291000,RIC,13.0
RIC,0 days 00:01:37.330000,0 days 00:00:31.631000,0 days 00:00:39.154000,0 days 00:00:26.545000,RIC,13.0
RIC,0 days 00:01:34.722000,0 days 00:00:30.185000,0 days 00:00:38.393000,0 days 00:00:26.144000,RIC,13.0
RIC,0 days 00:01:33.015000,0 days 00:00:29.678000,0 days 00:00:37.782000,0 days 00:00:25.555000,RIC,13.0
RIC,0 days 00:01:34.224000,0 days 00:00:29.690000,0 days 00:00:38.201000,0 days 00:00:26.333000,RIC,13.0
RIC,0 days 00:01:36.483000,0 days 00:00:30.177000,0 days 00:00:39.232000,0 days 00:00:27.074000,RIC,13.0
RIC,0 days 00:01:38.725000,0 days 00:00:30.630000,0 days 00:00:40.504000,0 days 00:00:27.591000,RIC,13.0
RIC,0 days 00:01:44.813000,0 days 00:00:31.531000,0 days 00:00:45.143000,0 days 00:00:28.139000,RIC,13.0
RIC,0 days 00:02:02.788000,0 days 00:00:51.716000,0 days 00:00:42.430000,0 days 00:00:28.642000,RIC,13.0
RIC,0 days 00:01:43.338000,0 days 00:00:32.195000,0 days 00:00:42.262000,0 days 00:00:28.881000,RIC,13.0
RIC,0 days 00:01:43.377000,0 days 00:00:32.484000,0 days 00:00:41.934000,0 days 00:00:28.959000,RIC,13.0
RIC,0 days 00:01:43.298000,0 days 00:00:32.445000,0 days 00:00:41.612000,0 days 00:00:29.241000,RIC,13.0
RIC,0 days 00:01:43.699000,0 days 00:00:32.472000,0 days 00:00:42.030000,0 days 00:00:29.197000,RIC,13.0
RIC,0 days 00:01:44.144000,0 days 00:00:32.457000,0 days 00:00:41.969000,0 days 00:00:29.718000,RIC,13.0
RIC,0 days 00:01:44.855000,0 days 00:00:32.877000,0 days 00:00:42.380000,0 days 00:00:29.598000,RIC,13.0
RIC,0 days 00:01:45.969000,0 days 00:00:33.254000,0 days 00:00:43.215000,0 days 00:00:29.500000,RIC,13.0
RIC,0 days 00:01:45.535000,0 days 00:00:33.149000,0 days 00:00:43.700000,0 days 00:00:28.686000,RIC,13.0
RIC,0 days 00:01:43.213000,0 days 00:00:32.500000,0 days 00:00:42.387000,0 days 00:00:28.326000,RIC,13.0
RIC,0 days 00:01:40.483000,0 days 00:00:32.042000,0 days 00:00:41.775000,0 days 00:00:26.666000,RIC,13.0
RIC,0 days 00:02:03.328000,0 days 00:00:55.795000,0 days 00:00:40.479000,0 days 00:00:27.054000,RIC,13.0
RIC,0 days 00:01:33.138000,0 days 00:00:29.476000,0 days 00:00:37.962000,0 days 00:00:25.700000,RIC,13.0
RIC,0 days 00:01:32.428000,0 days 00:00:29.333000,0 days 00:00:37.421000,0 days 00:00:25.674000,RIC,13.0
RIC,0 days 00:01:31.289000,0 days 00:00:29.171000,0 days 00:00:36.935000,0 days 00:00:25.183000,RIC,13.0
RIC,0 days 00:01:30.765000,0 days 00:00:29.208000,0 days 00:00:36.632000,0 days 00:00:24.925000,RIC,13.0
RIC,0 days 00:01:31.198000,0 days 00:00:29.188000,0 days 00:00:36.801000,0 days 00:00:25.209000,RIC,13.0
RIC,0 days 00:01:31.080000,0 days 00:00:29.273000,0 days 00:00:36.824000,0 days 00:00:24.983000,RIC,13.0
RIC,0 days 00:01:30.955000,0 days 00:00:29.229000,0 days 00:00:36.719000,0 days 00:00:25.007000,RIC,13.0
RIC,0 days 00:01:30.849000,0 days 00:00:29.180000,0 days 00:00:36.720000,0 days 00:00:24.949000,RIC,13.0
RIC,0 days 00:01:30.735000,0 days 00:00:29.140000,0 days 00:00:36.665000,0 days 00:00:24.930000,RIC,13.0
RIC,0 days 00:01:31.109000,0 days 00:00:29.302000,0 days 00:00:36.824000,0 days 00:00:24.983000,RIC,13.0
RIC,0 days 00:01:32.926000,0 days 00:00:29.324000,0 days 00:00:36.947000,0 days 00:00:26.655000,RIC,13.0
RIC,0 days 00:01:34.150000,0 days 00:00:29.532000,0 days 00:00:39.195000,0 days 00:00:25.423000,RIC,13.0
RIC,0 days 00:01:34.814000,0 days 00:00:29.907000,0 days 00:00:39.398000,0 days 00:00:25.509000,RIC,13.0
LEC,0 days 00:01:32.858000,0 days 00:00:29.575000,0 days 00:00:37.979000,0 days 00:00:25.304000,LEC,14.0
LEC,0 days 00:01:32.369000,0 days 00:00:29.447000,0 days 00:00:37.703000,0 days 00:00:25.219000,LEC,14.0
LEC,0 days 00:01:32.705000,0 days 00:00:29.583000,0 days 00:00:37.670000,0 days 00:00:25.452000,LEC,14.0
LEC,0 days 00:01:32.697000,0 days 00:00:29.536000,0 days 00:00:37.776000,0 days 00:00:25.385000,LEC,14.0
LEC,0 days 00:01:32.758000,0 days 00:00:29.562000,0 days 00:00:37.512000,0 days 00:00:25.684000,LEC,14.0
LEC,0 days 00:01:32.662000,0 days 00:00:29.662000,0 days 00:00:37.652000,0 days 00:00:25.348000,LEC,14.0
LEC,0 days 00:01:32.860000,0 days 00:00:29.689000,0 days 00:00:37.715000,0 days 00:00:25.456000,LEC,14.0
LEC,0 days 00:01:32.326000,0 days 00:00:29.579000,0 days 00:00:37.457000,0 days 00:00:25.290000,LEC,14.0
LEC,0 days 00:01:32.496000,0 days 00:00:29.590000,0 days 00:00:37.473000,0 days 00:00:25.433000,LEC,14.0
LEC,0 days 00:01:32.348000,0 days 00:00:29.594000,0 days 00:00:37.375000,0 days 00:00:25.379000,LEC,14.0
LEC,0 days 00:01:32.236000,0 days 00:00:29.622000,0 days 00:00:37.261000,0 days 00:00:25.353000,LEC,14.0
LEC,0 days 00:01:31.989000,0 days 00:00:29.643000,0 days 00:00:37.343000,0 days 00:00:25.003000,LEC,14.0
LEC,0 days 00:01:32.396000,0 days 00:00:29.708000,0 days 00:00:37.354000,0 days 00:00:25.334000,LEC,14.0
LEC,0 days 00:01:32.755000,0 days 00:00:29.798000,0 days 00:00:37.529000,0 days 00:00:25.428000,LEC,14.0
LEC,0 days 00:01:32.923000,0 days 00:00:29.790000,0 days 00:00:37.303000,0 days 00:00:25.830000,LEC,14.0
LEC,0 days 00:01:35.280000,0 days 00:00:29.679000,0 days 00:00:37.906000,0 days 00:00:27.695000,LEC,14.0
LEC,0 days 00:01:35.951000,0 days 00:00:30.445000,0 days 00:00:38.347000,0 days 00:00:27.159000,LEC,14.0
LEC,0 days 00:01:45.868000,0 days 00:00:34.904000,0 days 00:00:43.084000,0 days 00:00:27.880000,LEC,14.0
LEC,0 days 00:02:00.269000,0 days 00:00:51.724000,0 days 00:00:40.760000,0 days 00:00:27.785000,LEC,14.0
LEC,0 days 00:01:42.846000,0 days 00:00:32.126000,0 days 00:00:42.102000,0 days 00:00:28.618000,LEC,14.0
LEC,0 days 00:01:44.352000,0 days 00:00:33.006000,0 days 00:00:42.617000,0 days 00:00:28.729000,LEC,14.0
LEC,0 days 00:01:46.593000,0 days 00:00:33.765000,0 days 00:00:43.351000,0 days 00:00:29.477000,LEC,14.0
LEC,0 days 00:01:51.732000,0 days 00:00:34.243000,0 days 00:00:47.110000,0 days 00:00:30.379000,LEC,14.0
LEC,0 days 00:01:49.301000,0 days 00:00:35.278000,0 days 00:00:45.054000,0 days 00:00:28.969000,LEC,14.0
LEC,0 days 00:01:45.655000,0 days 00:00:33.033000,0 days 00:00:43.323000,0 days 00:00:29.299000,LEC,14.0
LEC,0 days 00:01:45.912000,0 days 00:00:33.574000,0 days 00:00:45.425000,0 days 00:00:26.913000,LEC,14.0
LEC,0 days 00:02:03.138000,0 days 00:00:53.064000,0 days 00:00:41.740000,0 days 00:00:28.334000,LEC,14.0
LEC,0 days 00:01:41.602000,0 days 00:00:32.252000,0 days 00:00:41.348000,0 days 00:00:28.002000,LEC,14.0
LEC,0 days 00:01:42.299000,0 days 00:00:32.289000,0 days 00:00:41.321000,0 days 00:00:28.689000,LEC,14.0
LEC,0 days 00:01:43.950000,0 days 00:00:32.660000,0 days 00:00:42.069000,0 days 00:00:29.221000,LEC,14.0
LEC,0 days 00:01:43.795000,0 days 00:00:32.750000,0 days 00:00:42.098000,0 days 00:00:28.947000,LEC,14.0
LEC,0 days 00:01:43.217000,0 days 00:00:32.727000,0 days 00:00:41.794000,0 days 00:00:28.696000,LEC,14.0
LEC,0 days 00:01:43.604000,0 days 00:00:32.822000,0 days 00:00:42.268000,0 days 00:00:28.514000,LEC,14.0
LEC,0 days 00:01:42.415000,0 days 00:00:32.363000,0 days 00:00:42.147000,0 days 00:00:27.905000,LEC,14.0
LEC,0 days 00:01:40.091000,0 days 00:00:31.807000,0 days 00:00:41.036000,0 days 00:00:27.248000,LEC,14.0
LEC,0 days 00:01:38.357000,0 days 00:00:31.693000,0 days 00:00:40.640000,0 days 00:00:26.024000,LEC,14.0
LEC,0 days 00:01:57.811000,0 days 00:00:53.271000,0 days 00:00:38.515000,0 days 00:00:26.025000,LEC,14.0
LEC,0 days 00:01:31.481000,0 days 00:00:29.086000,0 days 00:00:37.097000,0 days 00:00:25.298000,LEC,14.0
LEC,0 days 00:01:30.878000,0 days 00:00:29.065000,0 days 00:00:36.635000,0 days 00:00:25.178000,LEC,14.0
LEC,0 days 00:01:30.035000,0 days 00:00:29.019000,0 days 00:00:36.276000,0 days 00:00:24.740000,LEC,14.0
LEC,0 days 00:01:29.832000,0 days 00:00:28.930000,0 days 00:00:36.325000,0 days 00:00:24.577000,LEC,14.0
LEC,0 days 00:01:29.748000,0 days 00:00:28.997000,0 days 00:00:36.106000,0 days 00:00:24.645000,LEC,14.0
LEC,0 days 00:01:29.933000,0 days 00:00:29.086000,0 days 00:00:36.174000,0 days 00:00:24.673000,LEC,14.0
LEC,0 days 00:01:29.911000,0 days 00:00:29.015000,0 days 00:00:36.210000,0 days 00:00:24.686000,LEC,14.0
LEC,0 days 00:01:30.051000,0 days 00:00:29.135000,0 days 00:00:36.266000,0 days 00:00:24.650000,LEC,14.0
LEC,0 days 00:01:30.289000,0 days 00:00:29.193000,0 days 00:00:36.412000,0 days 00:00:24.684000,LEC,14.0
LEC,0 days 00:01:30.204000,0 days 00:00:29.050000,0 days 00:00:36.463000,0 days 00:00:24.691000,LEC,14.0
LEC,0 days 00:01:30.929000,0 days 00:00:29.311000,0 days 00:00:36.650000,0 days 00:00:24.968000,LEC,14.0
LEC,0 days 00:01:30.488000,0 days 00:00:29.114000,0 days 00:00:36.846000,0 days 00:00:24.528000,LEC,14.0
LEC,0 days 00:01:31.674000,0 days 00:00:29.653000,0 days 00:00:36.704000,0 days 00:00:25.317000,LEC,14.0
BOT,0 days 00:01:35.368000,0 days 00:00:30.060000,0 days 00:00:39.194000,0 days 00:00:26.114000,BOT,15.0
BOT,0 days 00:01:34.447000,0 days 00:00:30.096000,0 days 00:00:38.414000,0 days 00:00:25.937000,BOT,15.0
BOT,0 days 00:01:34.322000,0 days 00:00:29.890000,0 days 00:00:38.839000,0 days 00:00:25.593000,BOT,15.0
BOT,0 days 00:01:33.768000,0 days 00:00:29.920000,0 days 00:00:38.115000,0 days 00:00:25.733000,BOT,15.0
BOT,0 days 00:01:33.460000,0 days 00:00:29.755000,0 days 00:00:37.957000,0 days 00:00:25.748000,BOT,15.0
BOT,0 days 00:01:33.648000,0 days 00:00:29.919000,0 days 00:00:37.898000,0 days 00:00:25.831000,BOT,15.0
BOT,0 days 00:01:33.561000,0 days 00:00:29.899000,0 days 00:00:37.968000,0 days 00:00:25.694000,BOT,15.0
BOT,0 days 00:01:33.645000,0 days 00:00:29.917000,0 days 00:00:37.913000,0 days 00:00:25.815000,BOT,15.0
BOT,0 days 00:01:33.787000,0 days 00:00:29.850000,0 days 00:00:38.666000,0 days 00:00:25.271000,BOT,15.0
BOT,0 days 00:01:33.561000,0 days 00:00:29.856000,0 days 00:00:37.941000,0 days 00:00:25.764000,BOT,15.0
BOT,0 days 00:01:33.269000,0 days 00:00:29.772000,0 days 00:00:37.795000,0 days 00:00:25.702000,BOT,15.0
BOT,0 days 00:01:33.650000,0 days 00:00:29.875000,0 days 00:00:37.893000,0 days 00:00:25.882000,BOT,15.0
BOT,0 days 00:01:33.156000,0 days 00:00:29.676000,0 days 00:00:38.254000,0 days 00:00:25.226000,BOT,15.0
BOT,0 days 00:01:33.228000,0 days 00:00:29.765000,0 days 00:00:37.843000,0 days 00:00:25.620000,BOT,15.0
BOT,0 days 00:01:33.967000,0 days 00:00:30.009000,0 days 00:00:37.686000,0 days 00:00:26.272000,BOT,15.0
BOT,0 days 00:01:35.498000,0 days 00:00:29.995000,0 days 00:00:38.170000,0 days 00:00:27.333000,BOT,15.0
BOT,0 days 00:01:36.075000,0 days 00:00:30.607000,0 days 00:00:38.352000,0 days 00:00:27.116000,BOT,15.0
BOT,0 days 00:01:44.426000,0 days 00:00:34.195000,0 days 00:00:41.638000,0 days 00:00:28.593000,BOT,15.0
BOT,0 days 00:01:38.542000,0 days 00:00:31.346000,0 days 00:00:39.657000,0 days 00:00:27.539000,BOT,15.0
BOT,0 days 00:01:35.235000,0 days 00:00:30.651000,0 days 00:00:38.519000,0 days 00:00:26.065000,BOT,15.0
BOT,0 days 00:01:34.030000,0 days 00:00:30.193000,0 days 00:00:38.037000,0 days 00:00:25.800000,BOT,15.0
BOT,0 days 00:01:34.076000,0 days 00:00:29.814000,0 days 00:00:38.272000,0 days 00:00:25.990000,BOT,15.0
BOT,0 days 00:01:37.350000,0 days 00:00:30.277000,0 days 00:00:39.562000,0 days 00:00:27.511000,BOT,15.0
BOT,0 days 00:01:39.761000,0 days 00:00:30.996000,0 days 00:00:40.455000,0 days 00:00:28.310000,BOT,15.0
BOT,0 days 00:01:49.533000,0 days 00:00:32.030000,0 days 00:00:48.117000,0 days 00:00:29.386000,BOT,15.0
BOT,0 days 00:02:05.367000,0 days 00:00:53.985000,0 days 00:00:42.457000,0 days 00:00:28.925000,BOT,15.0
BOT,0 days 00:01:42.562000,0 days 00:00:32.119000,0 days 00:00:41.797000,0 days 00:00:28.646000,BOT,15.0
BOT,0 days 00:01:43.302000,0 days 00:00:32.442000,0 days 00:00:42.118000,0 days 00:00:28.742000,BOT,15.0
BOT,0 days 00:01:43.472000,0 days 00:00:32.322000,0 days 00:00:41.902000,0 days 00:00:29.248000,BOT,15.0
BOT,0 days 00:01:44.510000,0 days 00:00:32.583000,0 days 00:00:42.474000,0 days 00:00:29.453000,BOT,15.0
BOT,0 days 00:01:45.199000,0 days 00:00:32.618000,0 days 00:00:42.633000,0 days 00:00:29.948000,BOT,15.0
BOT,0 days 00:01:45.552000,0 days 00:00:32.969000,0 days 00:00:43.078000,0 days 00:00:29.505000,BOT,15.0
BOT,0 days 00:01:45.199000,0 days 00:00:33.010000,0 days 00:00:42.817000,0 days 00:00:29.372000,BOT,15.0
BOT,0 days 00:01:45.476000,0 days 00:00:32.821000,0 days 00:00:43.982000,0 days 00:00:28.673000,BOT,15.0
BOT,0 days 00:01:42.968000,0 days 00:00:32.265000,0 days 00:00:42.732000,0 days 00:00:27.971000,BOT,15.0
BOT,0 days 00:01:39.987000,0 days 00:00:31.826000,0 days 00:00:41.525000,0 days 00:00:26.636000,BOT,15.0
BOT,0 days 00:02:06.628000,0 days 00:00:56.285000,0 days 00:00:42.594000,0 days 00:00:27.749000,BOT,15.0
BOT,0 days 00:01:37.114000,0 days 00:00:31.692000,0 days 00:00:39.101000,0 days 00:00:26.321000,BOT,15.0
BOT,0 days 00:01:32.973000,0 days 00:00:29.421000,0 days 00:00:38.016000,0 days 00:00:25.536000,BOT,15.0
BOT,0 days 00:01:33.344000,0 days 00:00:30.515000,0 days 00:00:37.516000,0 days 00:00:25.313000,BOT,15.0
BOT,0 days 00:01:32.348000,0 days 00:00:29.377000,0 days 00:00:37.591000,0 days 00:00:25.380000,BOT,15.0
BOT,0 days 00:01:31.732000,0 days 00:00:29.240000,0 days 00:00:37.244000,0 days 00:00:25.248000,BOT,15.0
BOT,0 days 00:01:31.277000,0 days 00:00:29.256000,0 days 00:00:37.002000,0 days 00:00:25.019000,BOT,15.0
BOT,0 days 00:01:33.159000,0 days 00:00:30.514000,0 days 00:00:37.729000,0 days 00:00:24.916000,BOT,15.0
BOT,0 days 00:01:31.396000,0 days 00:00:29.357000,0 days 00:00:36.959000,0 days 00:00:25.080000,BOT,15.0
BOT,0 days 00:01:31.431000,0 days 00:00:29.454000,0 days 00:00:36.922000,0 days 00:00:25.055000,BOT,15.0
BOT,0 days 00:01:32.006000,0 days 00:00:29.424000,0 days 00:00:37.383000,0 days 00:00:25.199000,BOT,15.0
BOT,0 days 00:01:31.688000,0 days 00:00:29.414000,0 days 00:00:37.064000,0 days 00:00:25.210000,BOT,15.0
BOT,0 days 00:01:32.320000,0 days 00:00:29.422000,0 days 00:00:37.053000,0 days 00:00:25.845000,BOT,15.0
BOT,0 days 00:01:32.217000,0 days 00:00:29.389000,0 days 00:00:37.433000,0 days 00:00:25.395000,BOT,15.0
OCO,0 days 00:01:33.846000,0 days 00:00:29.749000,0 days 00:00:38.711000,0 days 00:00:25.386000,OCO,16.0
OCO,0 days 00:01:33.479000,0 days 00:00:29.591000,0 days 00:00:38.313000,0 days 00:00:25.575000,OCO,16.0
OCO,0 days 00:01:33.316000,0 days 00:00:29.764000,0 days 00:00:38.098000,0 days 00:00:25.454000,OCO,16.0
OCO,0 days 00:01:33.210000,0 days 00:00:29.757000,0 days 00:00:37.863000,0 days 00:00:25.590000,OCO,16.0
OCO,0 days 00:01:33.616000,0 days 00:00:29.727000,0 days 00:00:38.133000,0 days 00:00:25.756000,OCO,16.0
OCO,0 days 00:01:35.183000,0 days 00:00:30.502000,0 days 00:00:39.145000,0 days 00:00:25.536000,OCO,16.0
OCO,0 days 00:01:33.790000,0 days 00:00:29.827000,0 days 00:00:38.691000,0 days 00:00:25.272000,OCO,16.0
OCO,0 days 00:01:33.898000,0 days 00:00:30.112000,0 days 00:00:37.931000,0 days 00:00:25.855000,OCO,16.0
OCO,0 days 00:01:33.843000,0 days 00:00:30.162000,0 days 00:00:37.779000,0 days 00:00:25.902000,OCO,16.0
OCO,0 days 00:01:33.846000,0 days 00:00:30.102000,0 days 00:00:37.823000,0 days 00:00:25.921000,OCO,16.0
OCO,0 days 00:01:34.071000,0 days 00:00:30.203000,0 days 00:00:37.893000,0 days 00:00:25.975000,OCO,16.0
OCO,0 days 00:01:34.491000,0 days 00:00:30.327000,0 days 00:00:38.095000,0 days 00:00:26.069000,OCO,16.0
OCO,0 days 00:01:35.293000,0 days 00:00:30.357000,0 days 00:00:38.266000,0 days 00:00:26.670000,OCO,16.0
OCO,0 days 00:01:34.884000,0 days 00:00:30.406000,0 days 00:00:38.341000,0 days 00:00:26.137000,OCO,16.0
OCO,0 days 00:01:36.522000,0 days 00:00:30.525000,0 days 00:00:38.301000,0 days 00:00:27.696000,OCO,16.0
OCO,0 days 00:01:38.735000,0 days 00:00:30.742000,0 days 00:00:39.546000,0 days 00:00:28.447000,OCO,16.0
OCO,0 days 00:01:38.497000,0 days 00:00:31.134000,0 days 00:00:39.291000,0 days 00:00:28.072000,OCO,16.0
OCO,0 days 00:01:41.731000,0 days 00:00:33.657000,0 days 00:00:40.353000,0 days 00:00:27.721000,OCO,16.0
OCO,0 days 00:02:01.025000,0 days 00:00:51.816000,0 days 00:00:41.025000,0 days 00:00:28.184000,OCO,16.0
OCO,0 days 00:01:39.736000,0 days 00:00:32.039000,0 days 00:00:41.067000,0 days 00:00:26.630000,OCO,16.0
OCO,0 days 00:01:55.208000,0 days 00:00:50.465000,0 days 00:00:38.195000,0 days 00:00:26.548000,OCO,16.0
OCO,0 days 00:01:35.488000,0 days 00:00:30.474000,0 days 00:00:38.101000,0 days 00:00:26.913000,OCO,16.0
OCO,0 days 00:01:38.005000,0 days 00:00:30.690000,0 days 00:00:39.802000,0 days 00:00:27.513000,OCO,16.0
OCO,0 days 00:01:47.432000,0 days 00:00:30.982000,0 days 00:00:45.654000,0 days 00:00:30.796000,OCO,16.0
OCO,0 days 00:01:58.710000,0 days 00:00:36.241000,0 days 00:00:52.055000,0 days 00:00:30.414000,OCO,16.0
OCO,0 days 00:02:02.736000,0 days 00:00:52.830000,0 days 00:00:41.327000,0 days 00:00:28.579000,OCO,16.0
OCO,0 days 00:01:41.716000,0 days 00:00:32.178000,0 days 00:00:40.992000,0 days 00:00:28.546000,OCO,16.0
OCO,0 days 00:01:42.362000,0 days 00:00:32.379000,0 days 00:00:41.099000,0 days 00:00:28.884000,OCO,16.0
OCO,0 days 00:01:43.336000,0 days 00:00:32.292000,0 days 00:00:41.764000,0 days 00:00:29.280000,OCO,16.0
OCO,0 days 00:01:44.019000,0 days 00:00:32.492000,0 days 00:00:41.930000,0 days 00:00:29.597000,OCO,16.0
OCO,0 days 00:01:44.673000,0 days 00:00:32.773000,0 days 00:00:42.158000,0 days 00:00:29.742000,OCO,16.0
OCO,0 days 00:01:45.290000,0 days 00:00:33.217000,0 days 00:00:42.575000,0 days 00:00:29.498000,OCO,16.0
OCO,0 days 00:01:45.511000,0 days 00:00:32.936000,0 days 00:00:43.563000,0 days 00:00:29.012000,OCO,16.0
OCO,0 days 00:01:42.995000,0 days 00:00:32.526000,0 days 00:00:42.351000,0 days 00:00:28.118000,OCO,16.0
OCO,0 days 00:01:41.215000,0 days 00:00:32.124000,0 days 00:00:41.176000,0 days 00:00:27.915000,OCO,16.0
OCO,0 days 00:01:42.235000,0 days 00:00:32.044000,0 days 00:00:40.766000,0 days 00:00:29.425000,OCO,16.0
OCO,0 days 00:01:39.440000,0 days 00:00:31.903000,0 days 00:00:40.487000,0 days 00:00:27.050000,OCO,16.0
OCO,0 days 00:02:00.130000,0 days 00:00:53.132000,0 days 00:00:39.227000,0 days 00:00:27.771000,OCO,16.0
OCO,0 days 00:01:32.838000,0 days 00:00:30.216000,0 days 00:00:37.467000,0 days 00:00:25.155000,OCO,16.0
OCO,0 days 00:01:31.114000,0 days 00:00:29.139000,0 days 00:00:36.859000,0 days 00:00:25.116000,OCO,16.0
OCO,0 days 00:01:31.187000,0 days 00:00:29.223000,0 days 00:00:36.785000,0 days 00:00:25.179000,OCO,16.0
OCO,0 days 00:01:31.084000,0 days 00:00:29.302000,0 days 00:00:36.643000,0 days 00:00:25.139000,OCO,16.0
OCO,0 days 00:01:30.928000,0 days 00:00:29.356000,0 days 00:00:36.535000,0 days 00:00:25.037000,OCO,16.0
OCO,0 days 00:01:30.952000,0 days 00:00:29.305000,0 days 00:00:36.497000,0 days 00:00:25.150000,OCO,16.0
OCO,0 days 00:01:30.875000,0 days 00:00:29.417000,0 days 00:00:36.390000,0 days 00:00:25.068000,OCO,16.0
OCO,0 days 00:01:33.599000,0 days 00:00:29.427000,0 days 00:00:36.554000,0 days 00:00:27.618000,OCO,16.0
OCO,0 days 00:01:35.931000,0 days 00:00:32.230000,0 days 00:00:38.774000,0 days 00:00:24.927000,OCO,16.0
OCO,0 days 00:01:31.060000,0 days 00:00:29.398000,0 days 00:00:36.557000,0 days 00:00:25.105000,OCO,16.0
OCO,0 days 00:01:31.608000,0 days 00:00:29.511000,0 days 00:00:36.681000,0 days 00:00:25.416000,OCO,16.0
PER,0 days 00:01:32.942000,0 days 00:00:29.472000,0 days 00:00:37.864000,0 days 00:00:25.606000,PER,17.0
PER,0 days 00:01:32.340000,0 days 00:00:29.325000,0 days 00:00:37.432000,0 days 00:00:25.583000,PER,17.0
PER,0 days 00:01:32.570000,0 days 00:00:29.338000,0 days 00:00:37.902000,0 days 00:00:25.330000,PER,17.0
PER,0 days 00:01:32.111000,0 days 00:00:29.469000,0 days 00:00:37.473000,0 days 00:00:25.169000,PER,17.0
PER,0 days 00:01:32.250000,0 days 00:00:29.440000,0 days 00:00:37.495000,0 days 00:00:25.315000,PER,17.0
PER,0 days 00:01:33.313000,0 days 00:00:29.555000,0 days 00:00:38.463000,0 days 00:00:25.295000,PER,17.0
PER,0 days 00:01:33.407000,0 days 00:00:29.702000,0 days 00:00:38.411000,0 days 00:00:25.294000,PER,17.0
PER,0 days 00:01:32.800000,0 days 00:00:29.471000,0 days 00:00:37.819000,0 days 00:00:25.510000,PER,17.0
PER,0 days 00:01:32.709000,0 days 00:00:29.426000,0 days 00:00:37.691000,0 days 00:00:25.592000,PER,17.0
PER,0 days 00:01:32.491000,0 days 00:00:29.452000,0 days 00:00:37.656000,0 days 00:00:25.383000,PER,17.0
PER,0 days 00:01:32.509000,0 days 00:00:29.468000,0 days 00:00:37.736000,0 days 00:00:25.305000,PER,17.0
PER,0 days 00:01:32.772000,0 days 00:00:29.556000,0 days 00:00:37.832000,0 days 00:00:25.384000,PER,17.0
PER,0 days 00:01:32.488000,0 days 00:00:29.420000,0 days 00:00:37.698000,0 days 00:00:25.370000,PER,17.0
PER,0 days 00:01:32.702000,0 days 00:00:29.510000,0 days 00:00:37.735000,0 days 00:00:25.457000,PER,17.0
PER,0 days 00:01:34.231000,0 days 00:00:29.905000,0 days 00:00:38.173000,0 days 00:00:26.153000,PER,17.0
PER,0 days 00:01:34.829000,0 days 00:00:29.675000,0 days 00:00:38.196000,0 days 00:00:26.958000,PER,17.0
PER,0 days 00:01:35.384000,0 days 00:00:30.348000,0 days 00:00:37.842000,0 days 00:00:27.194000,PER,17.0
PER,0 days 00:01:41.868000,0 days 00:00:33.889000,0 days 00:00:40.806000,0 days 00:00:27.173000,PER,17.0
PER,0 days 00:01:59.150000,0 days 00:00:51.200000,0 days 00:00:40.616000,0 days 00:00:27.334000,PER,17.0
PER,0 days 00:01:41.997000,0 days 00:00:31.916000,0 days 00:00:41.462000,0 days 00:00:28.619000,PER,17.0
PER,0 days 00:01:44.936000,0 days 00:00:33.088000,0 days 00:00:42.914000,0 days 00:00:28.934000,PER,17.0
PER,0 days 00:01:46.214000,0 days 00:00:33.780000,0 days 00:00:43.396000,0 days 00:00:29.038000,PER,17.0
PER,0 days 00:01:50.729000,0 days 00:00:35.068000,0 days 00:00:43.926000,0 days 00:00:31.735000,PER,17.0
PER,0 days 00:01:47.327000,0 days 00:00:33.593000,0 days 00:00:44.330000,0 days 00:00:29.404000,PER,17.0
PER,0 days 00:01:45.736000,0 days 00:00:32.698000,0 days 00:00:43.513000,0 days 00:00:29.525000,PER,17.0
PER,0 days 00:01:52.538000,0 days 00:00:34.103000,0 days 00:00:45.664000,0 days 00:00:32.771000,PER,17.0
PER,0 days 00:01:45.224000,0 days 00:00:33.670000,0 days 00:00:43.489000,0 days 00:00:28.065000,PER,17.0
PER,0 days 00:02:04.385000,0 days 00:00:56.070000,0 days 00:00:40.408000,0 days 00:00:27.907000,PER,17.0
PER,0 days 00:01:40.021000,0 days 00:00:31.537000,0 days 00:00:40.103000,0 days 00:00:28.381000,PER,17.0
PER,0 days 00:01:42.676000,0 days 00:00:31.949000,0 days 00:00:41.478000,0 days 00:00:29.249000,PER,17.0
PER,0 days 00:01:44.035000,0 days 00:00:32.368000,0 days 00:00:42.186000,0 days 00:00:29.481000,PER,17.0
PER,0 days 00:01:44.641000,0 days 00:00:32.991000,0 days 00:00:42.371000,0 days 00:00:29.279000,PER,17.0
PER,0 days 00:01:45.045000,0 days 00:00:33.180000,0 days 00:00:43.118000,0 days 00:00:28.747000,PER,17.0
PER,0 days 00:01:43.534000,0 days 00:00:32.741000,0 days 00:00:42.478000,0 days 00:00:28.315000,PER,17.0
PER,0 days 00:01:41.845000,0 days 00:00:32.059000,0 days 00:00:41.861000,0 days 00:00:27.925000,PER,17.0
PER,0 days 00:01:39.697000,0 days 00:00:31.763000,0 days 00:00:41.061000,0 days 00:00:26.873000,PER,17.0
PER,0 days 00:02:00.171000,0 days 00:00:53.729000,0 days 00:00:39.568000,0 days 00:00:26.874000,PER,17.0
PER,0 days 00:01:32.722000,0 days 00:00:29.483000,0 days 00:00:37.323000,0 days 00:00:25.916000,PER,17.0
PER,0 days 00:01:33.219000,0 days 00:00:29.809000,0 days 00:00:38.154000,0 days 00:00:25.256000,PER,17.0
PER,0 days 00:01:30.689000,0 days 00:00:28.979000,0 days 00:00:36.811000,0 days 00:00:24.899000,PER,17.0
PER,0 days 00:01:30.542000,0 days 00:00:29.011000,0 days 00:00:36.465000,0 days 00:00:25.066000,PER,17.0
PER,0 days 00:01:30.229000,0 days 00:00:29.012000,0 days 00:00:36.421000,0 days 00:00:24.796000,PER,17.0
PER,0 days 00:01:30.518000,0 days 00:00:29.093000,0 days 00:00:36.448000,0 days 00:00:24.977000,PER,17.0
PER,0 days 00:01:30.565000,0 days 00:00:29.075000,0 days 00:00:36.549000,0 days 00:00:24.941000,PER,17.0
PER,0 days 00:01:30.136000,0 days 00:00:28.949000,0 days 00:00:36.345000,0 days 00:00:24.842000,PER,17.0
PER,0 days 00:01:30.795000,0 days 00:00:29.213000,0 days 00:00:36.523000,0 days 00:00:25.059000,PER,17.0
PER,0 days 00:02:05.507000,0 days 00:00:54.703000,0 days 00:00:42.628000,0 days 00:00:28.176000,PER,17.0
PER,0 days 00:01:37.360000,0 days 00:00:31.790000,0 days 00:00:39.027000,0 days 00:00:26.543000,PER,17.0
PER,0 days 00:01:29.707000,0 days 00:00:29.204000,0 days 00:00:35.978000,0 days 00:00:24.525000,PER,17.0
ZHO,0 days 00:01:33.563000,0 days 00:00:29.847000,0 days 00:00:38.170000,0 days 00:00:25.546000,ZHO,18.0
ZHO,0 days 00:01:33.487000,0 days 00:00:29.885000,0 days 00:00:38.053000,0 days 00:00:25.549000,ZHO,18.0
ZHO,0 days 00:01:33.221000,0 days 00:00:29.724000,0 days 00:00:38.020000,0 days 00:00:25.477000,ZHO,18.0
ZHO,0 days 00:01:33.271000,0 days 00:00:29.833000,0 days 00:00:37.992000,0 days 00:00:25.446000,ZHO,18.0
ZHO,0 days 00:01:33.788000,0 days 00:00:29.781000,0 days 00:00:37.972000,0 days 00:00:26.035000,ZHO,18.0
ZHO,0 days 00:01:34.510000,0 days 00:00:30.318000,0 days 00:00:38.563000,0 days 00:00:25.629000,ZHO,18.0
ZHO,0 days 00:01:36.323000,0 days 00:00:30.293000,0 days 00:00:39.586000,0 days 00:00:26.444000,ZHO,18.0
ZHO,0 days 00:01:35.322000,0 days 00:00:30.439000,0 days 00:00:38.755000,0 days 00:00:26.128000,ZHO,18.0
ZHO,0 days 00:01:35.828000,0 days 00:00:30.416000,0 days 00:00:38.453000,0 days 00:00:26.959000,ZHO,18.0
ZHO,0 days 00:01:35.012000,0 days 00:00:30.324000,0 days 00:00:38.656000,0 days 00:00:26.032000,ZHO,18.0
ZHO,0 days 00:01:34.235000,0 days 00:00:30.257000,0 days 00:00:38.295000,0 days 00:00:25.683000,ZHO,18.0
ZHO,0 days 00:01:55.049000,0 days 00:00:51.314000,0 days 00:00:38.044000,0 days 00:00:25.691000,ZHO,18.0
ZHO,0 days 00:01:32.450000,0 days 00:00:29.389000,0 days 00:00:37.429000,0 days 00:00:25.632000,ZHO,18.0
ZHO,0 days 00:01:32.479000,0 days 00:00:29.508000,0 days 00:00:37.561000,0 days 00:00:25.410000,ZHO,18.0
ZHO,0 days 00:01:35.202000,0 days 00:00:29.675000,0 days 00:00:37.297000,0 days 00:00:28.230000,ZHO,18.0
ZHO,0 days 00:01:38.106000,0 days 00:00:30.887000,0 days 00:00:39.097000,0 days 00:00:28.122000,ZHO,18.0
ZHO,0 days 00:01:39.637000,0 days 00:00:32.577000,0 days 00:00:39.367000,0 days 00:00:27.693000,ZHO,18.0
ZHO,0 days 00:01:46.313000,0 days 00:00:37.038000,0 days 00:00:42.017000,0 days 00:00:27.258000,ZHO,18.0
ZHO,0 days 00:02:05.955000,0 days 00:00:55.824000,0 days 00:00:42.117000,0 days 00:00:28.014000,ZHO,18.0
ZHO,0 days 00:01:44.560000,0 days 00:00:32.701000,0 days 00:00:42.512000,0 days 00:00:29.347000,ZHO,18.0
ZHO,0 days 00:01:50.248000,0 days 00:00:35.886000,0 days 00:00:44.530000,0 days 00:00:29.832000,ZHO,18.0
ZHO,0 days 00:01:50.081000,0 days 00:00:34.464000,0 days 00:00:45.680000,0 days 00:00:29.937000,ZHO,18.0
ZHO,0 days 00:01:48.867000,0 days 00:00:34.457000,0 days 00:00:44.454000,0 days 00:00:29.956000,ZHO,18.0
ZHO,0 days 00:01:48.245000,0 days 00:00:33.856000,0 days 00:00:44.552000,0 days 00:00:29.837000,ZHO,18.0
ZHO,0 days 00:01:45.113000,0 days 00:00:33.799000,0 days 00:00:44.098000,0 days 00:00:27.216000,ZHO,18.0
ZHO,0 days 00:02:04.515000,0 days 00:00:53.952000,0 days 00:00:42.035000,0 days 00:00:28.528000,ZHO,18.0
ZHO,0 days 00:01:41.866000,0 days 00:00:32.137000,0 days 00:00:41.252000,0 days 00:00:28.477000,ZHO,18.0
ZHO,0 days 00:01:41.993000,0 days 00:00:32.073000,0 days 00:00:41.304000,0 days 00:00:28.616000,ZHO,18.0
ZHO,0 days 00:01:43.157000,0 days 00:00:32.392000,0 days 00:00:41.648000,0 days 00:00:29.117000,ZHO,18.0
ZHO,0 days 00:01:44.316000,0 days 00:00:32.443000,0 days 00:00:42.381000,0 days 00:00:29.492000,ZHO,18.0
ZHO,0 days 00:01:45.029000,0 days 00:00:32.927000,0 days 00:00:42.695000,0 days 00:00:29.407000,ZHO,18.0
ZHO,0 days 00:01:45.412000,0 days 00:00:33.253000,0 days 00:00:43.030000,0 days 00:00:29.129000,ZHO,18.0
ZHO,0 days 00:01:48.010000,0 days 00:00:33.092000,0 days 00:00:45.140000,0 days 00:00:29.778000,ZHO,18.0
ZHO,0 days 00:01:42.569000,0 days 00:00:32.458000,0 days 00:00:42.080000,0 days 00:00:28.031000,ZHO,18.0
ZHO,0 days 00:01:42.823000,0 days 00:00:32.080000,0 days 00:00:42.606000,0 days 00:00:28.137000,ZHO,18.0
ZHO,0 days 00:01:41.608000,0 days 00:00:32.279000,0 days 00:00:42.421000,0 days 00:00:26.908000,ZHO,18.0
ZHO,0 days 00:02:06.729000,0 days 00:00:59.418000,0 days 00:00:40.462000,0 days 00:00:26.849000,ZHO,18.0
ZHO,0 days 00:01:32.696000,0 days 00:00:29.452000,0 days 00:00:37.479000,0 days 00:00:25.765000,ZHO,18.0
ZHO,0 days 00:01:33.170000,0 days 00:00:30.316000,0 days 00:00:37.298000,0 days 00:00:25.556000,ZHO,18.0
ZHO,0 days 00:01:31.151000,0 days 00:00:29.163000,0 days 00:00:36.746000,0 days 00:00:25.242000,ZHO,18.0
ZHO,0 days 00:01:31.121000,0 days 00:00:29.293000,0 days 00:00:36.625000,0 days 00:00:25.203000,ZHO,18.0
ZHO,0 days 00:01:31.014000,0 days 00:00:29.221000,0 days 00:00:36.708000,0 days 00:00:25.085000,ZHO,18.0
ZHO,0 days 00:01:31.378000,0 days 00:00:29.293000,0 days 00:00:36.883000,0 days 00:00:25.202000,ZHO,18.0
ZHO,0 days 00:01:31.360000,0 days 00:00:29.387000,0 days 00:00:36.896000,0 days 00:00:25.077000,ZHO,18.0
ZHO,0 days 00:01:31.430000,0 days 00:00:29.359000,0 days 00:00:37.049000,0 days 00:00:25.022000,ZHO,18.0
ZHO,0 days 00:01:31.283000,0 days 00:00:29.365000,0 days 00:00:36.915000,0 days 00:00:25.003000,ZHO,18.0
ZHO,0 days 00:01:31.556000,0 days 00:00:29.466000,0 days 00:00:37.132000,0 days 00:00:24.958000,ZHO,18.0
ZHO,0 days 00:01:32.504000,0 days 00:00:29.613000,0 days 00:00:37.473000,0 days 00:00:25.418000,ZHO,18.0
ZHO,0 days 00:01:31.749000,0 days 00:00:29.598000,0 days 00:00:37.130000,0 days 00:00:25.021000,ZHO,18.0
RUS,0 days 00:01:31.418000,0 days 00:00:29.454000,0 days 00:00:36.954000,0 days 00:00:25.010000,RUS,19.0
RUS,0 days 00:01:31.298000,0 days 00:00:29.299000,0 days 00:00:36.816000,0 days 00:00:25.183000,RUS,19.0
RUS,0 days 00:01:31.799000,0 days 00:00:29.507000,0 days 00:00:37.206000,0 days 00:00:25.086000,RUS,19.0
RUS,0 days 00:01:31.628000,0 days 00:00:29.426000,0 days 00:00:37.107000,0 days 00:00:25.095000,RUS,19.0
RUS,0 days 00:01:31.625000,0 days 00:00:29.478000,0 days 00:00:37.031000,0 days 00:00:25.116000,RUS,19.0
RUS,0 days 00:01:31.663000,0 days 00:00:29.503000,0 days 00:00:36.936000,0 days 00:00:25.224000,RUS,19.0
RUS,0 days 00:01:31.731000,0 days 00:00:29.582000,0 days 00:00:36.966000,0 days 00:00:25.183000,RUS,19.0
RUS,0 days 00:01:31.621000,0 days 00:00:29.438000,0 days 00:00:37.017000,0 days 00:00:25.166000,RUS,19.0
RUS,0 days 00:01:31.639000,0 days 00:00:29.526000,0 days 00:00:36.953000,0 days 00:00:25.160000,RUS,19.0
RUS,0 days 00:01:31.586000,0 days 00:00:29.408000,0 days 00:00:36.989000,0 days 00:00:25.189000,RUS,19.0
RUS,0 days 00:01:31.619000,0 days 00:00:29.443000,0 days 00:00:36.939000,0 days 00:00:25.237000,RUS,19.0
RUS,0 days 00:01:31.716000,0 days 00:00:29.508000,0 days 00:00:37.014000,0 days 00:00:25.194000,RUS,19.0
RUS,0 days 00:01:31.478000,0 days 00:00:29.486000,0 days 00:00:36.957000,0 days 00:00:25.035000,RUS,19.0
RUS,0 days 00:01:31.566000,0 days 00:00:29.541000,0 days 00:00:36.928000,0 days 00:00:25.097000,RUS,19.0
RUS,0 days 00:01:31.626000,0 days 00:00:29.530000,0 days 00:00:36.794000,0 days 00:00:25.302000,RUS,19.0
RUS,0 days 00:01:34.793000,0 days 00:00:29.793000,0 days 00:00:37.278000,0 days 00:00:27.722000,RUS,19.0
RUS,0 days 00:01:36.365000,0 days 00:00:30.185000,0 days 00:00:37.731000,0 days 00:00:28.449000,RUS,19.0
RUS,0 days 00:01:44.151000,0 days 00:00:35.263000,0 days 00:00:41.002000,0 days 00:00:27.886000,RUS,19.0
RUS,0 days 00:01:39.962000,0 days 00:00:33.517000,0 days 00:00:39.614000,0 days 00:00:26.831000,RUS,19.0
RUS,0 days 00:01:32.753000,0 days 00:00:29.899000,0 days 00:00:37.611000,0 days 00:00:25.243000,RUS,19.0
RUS,0 days 00:01:31.344000,0 days 00:00:29.501000,0 days 00:00:36.926000,0 days 00:00:24.917000,RUS,19.0
RUS,0 days 00:01:31.497000,0 days 00:00:29.479000,0 days 00:00:36.952000,0 days 00:00:25.066000,RUS,19.0
RUS,0 days 00:01:31.968000,0 days 00:00:29.495000,0 days 00:00:36.926000,0 days 00:00:25.547000,RUS,19.0
RUS,0 days 00:01:34.781000,0 days 00:00:29.787000,0 days 00:00:38.367000,0 days 00:00:26.627000,RUS,19.0
RUS,0 days 00:01:39.949000,0 days 00:00:30.082000,0 days 00:00:41.323000,0 days 00:00:28.544000,RUS,19.0
RUS,0 days 00:01:47.698000,0 days 00:00:31.368000,0 days 00:00:45.879000,0 days 00:00:30.451000,RUS,19.0
RUS,0 days 00:02:04.342000,0 days 00:00:55.131000,0 days 00:00:40.430000,0 days 00:00:28.781000,RUS,19.0
RUS,0 days 00:01:40.405000,0 days 00:00:31.504000,0 days 00:00:40.750000,0 days 00:00:28.151000,RUS,19.0
RUS,0 days 00:01:41.237000,0 days 00:00:31.859000,0 days 00:00:41.018000,0 days 00:00:28.360000,RUS,19.0
RUS,0 days 00:01:41.902000,0 days 00:00:31.950000,0 days 00:00:41.210000,0 days 00:00:28.742000,RUS,19.0
RUS,0 days 00:01:43.085000,0 days 00:00:32.488000,0 days 00:00:41.387000,0 days 00:00:29.210000,RUS,19.0
RUS,0 days 00:01:46.221000,0 days 00:00:32.329000,0 days 00:00:41.835000,0 days 00:00:32.057000,RUS,19.0
